compound_name,hit_match_factor,match_quality,retention_time,cluster,Exp_1.CDF,Exp_2.CDF,Exp_3.CDF,Exp_4.CDF,Exp_5.CDF,Exp_6.CDF,Exp_7.CDF,Exp_8.CDF,Exp_9.CDF,Exp_10.CDF,Exp_11.CDF,Exp_12.CDF,Exp_13.CDF,Exp_14.CDF,Exp_15.CDF,Exp_16.CDF,Exp_17.CDF
2-Propenal,730,Fair,1.415333333333333,1,7.260316451479595,6.957510002029383,10.466130680253851,7.733554517950196,10.679607209036291,10.79037945309147,10.221763577726438,10.823851692496229,5.957121913391803,10.31099006874443,15.636534856320086,10.630713296603288,10.52978544221053,10.117994582530622,10.323940551381217,10.405686875279018,10.659794005900126
N-Dimethylaminomethyl-tert.-butyl-isopropylphosphine,903,Excellent,1.4261,1,0.0,0.0,7.4942014182322145,0.0,5.863753896048382,7.787045067407108,7.668345628077272,7.582548768676188,0.0,7.470427232941697,17.08664056803228,7.317968587437646,7.960815665610305,7.852741107498879,7.530808507745805,7.226152361265986,5.577370034994029
2-Propenal,777,Fair,1.62705,1,9.91717237818081,10.10461103420232,14.594981850147365,9.691558405291474,15.491894521379246,15.981003482121524,15.528439016546956,15.596816130575297,0.0,14.454248133204484,13.088524335223244,15.167115830217307,15.612589050113224,15.362374711562786,15.363406951590084,15.52226202539905,15.67936171136545
2-Propenal,871,Good,1.62705,1,11.4533682087838,11.526025774281106,14.537972260875325,12.060099713663403,15.454744834444393,15.93715611876373,15.468304089978464,15.557522767808724,0.0,14.445964741196844,13.257504718242222,15.13616304313222,15.56661536232866,15.322531368979591,15.332566834133017,15.486295942709,15.63229981602727
Acetone,771,Excellent,1.63065,1,0.0,0.0,17.523979949219733,7.491285174880939,16.89587317733907,16.683618830615387,16.323782576864847,16.450133631137952,26.33012950183128,14.72293872196851,11.690186410361465,16.980812721634884,17.172590086496484,17.50319710450619,17.17405275958607,16.597142213017328,17.14830549264051
Acetone,939,Excellent,1.63065,1,7.139740051619755,7.950210418480424,17.55122874698435,7.625703996617894,16.97418849809796,16.815428084707698,16.456903071569254,16.582639964102764,0.0,14.912728371983198,11.529940428105318,17.047459445084694,17.242773642078323,17.558824545676355,17.2188928261939,16.707445669105446,17.230895628800273
2-Furancarbonyl chloride,776,Poor/No match,1.63065,1,15.274630149328727,15.384323818858505,11.510557561036212,16.613778873359816,10.735524786681474,11.438771620595595,0.0,9.137889841687866,0.0,9.15617466246002,8.893245619238323,10.968145810861683,11.251913517527704,12.168324749495548,12.091810722756607,12.10339213759909,9.884894487724337
Isobutylene epoxide,937,Fair,1.63065,1,0.0,0.0,7.538816729325887,0.0,5.589987274104865,7.415359817539424,0.0,7.465512850789254,0.0,7.803331551384475,15.754437462705347,7.159187135442886,7.988095484206048,6.392004913002046,5.641678101670685,7.8141374699763855,7.536541811485378
"1,3-Dioxolane",765,Fair,1.6557666666666668,0,10.000889398493053,9.874529044526533,8.421204664706215,10.28329625544968,10.053115985086547,10.08907249277551,9.373247804381338,9.703581008015409,0.0,9.58299401133384,17.500791716019926,9.80338798101272,10.019592945109382,9.794295848507472,10.12544351123021,9.998370345928834,9.744651496268933
"1,3-Dioxolane, 2-ethyl-",820,Good,1.6557666666666668,0,9.321379883529268,8.955447932910868,8.100403122652105,9.659348311653178,9.462426572756833,9.515645569384631,9.129304920834103,8.935764751566092,0.0,8.663699477415447,17.495795945508494,9.128517742282558,9.507330880947782,9.21128876582256,9.617234561094593,9.486071251278076,9.065699163363464
"Propanal, 2-methyl-",919,Excellent,1.8962,1,0.0,5.034223028074695,15.254547604815285,0.0,15.7883623692461,16.177421786016094,15.996957572426965,15.28126962702618,0.0,12.765228798057148,12.477111608681366,15.865968521691784,15.475837741806176,15.883717704309126,15.695778789364338,15.929820722922203,16.271205623323972
"Propanal, 2-methyl-",926,Excellent,1.8962,1,0.0,0.0,15.250988839523428,0.0,15.772017023762018,16.17107037326808,15.996738149122528,15.25084014527613,0.0,12.563477671069464,13.64124164007192,15.853867729362808,15.46575392817215,15.86367667729503,15.699380627079442,15.917196702794016,16.262744884096147
"Propane, 2-methoxy-2-methyl-",952,Excellent,1.9105666666666667,1,0.0,0.0,17.39866892289421,0.0,16.56003404088101,17.846526719395435,13.395357212525813,16.202942507412395,0.0,14.192485203543486,11.649807026869963,16.905079000795475,17.3655609537729,18.87388835609814,18.2600452170288,18.41724128189264,14.997947593697264
"Propane, 2-methoxy-2-methyl-",909,Excellent,1.9105666666666667,1,0.0,7.00849868120497,17.403060617121966,0.0,16.555631511162204,17.847818151364883,13.3716006526143,16.198984204107177,0.0,14.18552470708283,12.433576110114512,16.903760307329254,17.36798986502544,18.876001137114105,18.26393620944893,18.420384850684083,15.013803159968756
2-Butyl-3-(4-β-diethylaminoethoxybenzoyl)benzofuran,842,Good,2.046933333333333,1,0.0,0.0,15.944273404405887,0.0,15.412618404861975,15.596822559175116,14.971715112849692,14.998126418302656,3.457666188039765,13.899317222367891,10.733069415685796,15.40623035501853,15.65082700666195,16.087778032261014,15.495602476953488,15.588923286368733,15.621081158399594
Acetic acid ethenyl ester,820,Good,2.046933333333333,1,6.598725435210853,6.770171387130183,15.932609032871367,6.997509045966991,15.408846144000568,15.586370924224918,14.96795575920478,14.987649894930268,0.0,13.86092366064111,10.181989074551868,15.400266701938506,15.644605334696866,16.065352452824072,15.48140940602155,15.565717721148465,15.62000258875677
Tolycaine,873,Good,2.0541,1,0.0,0.0,15.583311886826664,0.0,15.33643752790391,15.35110711256278,14.911653584736277,14.794391386238392,0.0,13.67115417488456,10.281931440376336,15.25252003558674,15.459134737304552,15.279801668897491,14.97989418737444,14.945817325350465,15.54235047931729
"Heptane, 2,2-dimethyl-",873,Good,2.0612833333333334,1,11.98189305261898,10.777942175339248,16.944777894291775,12.009120369784384,14.642476031175365,16.16801808282179,13.905628340099929,15.109841310898595,9.099641095059567,14.591830728034008,10.343820626315384,15.357634604706796,15.828409078675447,17.626410941995662,16.883581176980318,17.109061941740382,14.5500141965574
n-Hexane,949,Excellent,2.0612833333333334,1,10.094195530033804,9.761737183871116,16.94515598013981,11.090678558844782,14.772728715526268,16.245950018358517,13.3130175367483,15.237089259560332,8.48517863658547,14.763524591669457,10.377098333703588,15.440712868304038,15.885631207324844,17.672347363319926,16.924081784070744,17.166702135996744,14.337612165696257
"Pentane, 3-methyl-",890,Good,2.0612833333333334,1,0.0,0.0,16.952068543543948,0.0,14.6620910541628,16.179610492459503,13.54026845961924,15.126500331258413,8.458155597362978,14.582246303101437,9.653598228807288,15.380958406038586,15.84866114006278,17.622465400824776,16.889750820591004,17.114015056752805,14.51651740865432
"Propanal, 2-methyl-",863,Good,2.0792166666666665,1,16.16089941002645,16.056453588269562,15.322909975911164,16.242459163949064,15.628756270422246,15.474636594670509,14.257876713122757,15.166736131167696,0.0,13.962780835253138,11.961267715005784,15.490699134020575,15.422060226617957,15.708183922577197,14.12276148084018,14.979235468399144,14.814503397939983
"Propane, 2-methoxy-2-methyl-",825,Good,2.0864,1,15.155667957551945,15.123299357851772,13.157704258116944,17.280699490273207,12.469769353592469,12.99480877307004,11.641494351150182,11.72036191946072,10.277198430561397,10.06257584131898,11.674319618045889,12.547168845150605,13.006652879635451,13.740772257219591,13.863925488564108,13.352282675314186,12.221932856516228
2-Butanone,806,Good,2.0864,0,16.160286971104533,16.053981159868574,16.797994438371326,16.240585671256774,16.0997984641873,16.105252157220207,15.861335058959812,15.693824575694514,0.0,14.600812794449196,12.233005086068044,16.253814076853182,16.40455223726416,16.404047447642572,15.758080168906798,15.835168355359206,16.586565255497884
"Propane, 2-methoxy-2-methyl-",886,Good,2.0864,1,15.127014273107312,15.105803271881658,12.321535664867511,17.274408448658374,11.530023155984807,12.361213718667187,9.851190064520924,10.61118385768374,9.988971492301689,9.281473427087429,11.28019257136804,11.55719801064634,12.140361991620958,13.193961352614734,13.394329887242831,12.8598491877107,10.265649824934924
2-Butanone,877,Good,2.0864,0,16.167264291720258,16.06713959365493,16.808791153484364,16.247457632238515,16.10751653349968,16.114392868521037,15.866946803472754,15.70359426993363,0.0,14.606287465155829,12.11751941231323,16.262274916284873,16.41302742258119,16.412617617861113,15.770462871114546,15.844988207873593,16.595108703767316
"2-Butenal, (Z)-",786,Fair,2.247883333333333,1,10.704320843882,11.164155614209202,11.316508538548948,11.918685032381651,10.442314873045524,10.765735083810895,10.472131419570234,10.691856492600836,0.0,9.382168965321313,16.044430553043163,10.548672194029608,11.11515246532416,11.897158149266229,11.498701830313191,11.372524520367095,10.379632558091888
Tolycaine,702,Fair,2.2514833333333333,1,15.623681130800527,15.68021798816369,0.0,15.985722261781705,10.465529164763929,9.974486352620822,9.977955381546373,10.088484977756597,9.22184476236506,8.760756337704368,0.0,10.860345374180628,11.12368372799608,11.161433576227326,11.472916551922054,10.87375999172558,10.998747863930154
n-Hexane,812,Good,2.2766,1,15.533580235035314,15.595839037315478,10.396031874380236,17.06783518401888,9.85935065857486,10.33423645853004,10.495436779485322,8.476067684204846,8.077502128389686,7.752194255326641,14.534861097126749,10.753271078005676,11.491344979139638,12.310994845639597,11.964208907078149,11.693500571272306,10.392597880764146
2-Butanone,820,Good,2.283783333333333,1,16.99949206757246,16.20464691217244,11.588079486010749,16.52993861566899,11.231482637111668,10.74180375059052,11.545072008330958,10.35212455851317,0.0,0.0,9.94015518459448,11.32608837027781,11.709877385888706,11.953547082401087,11.587939243294072,10.343518712970642,12.187313607020434
2-Butanone,790,Fair,2.283783333333333,1,17.057067664451388,16.27375966875871,13.012902349033128,16.629052402424385,12.008665482679143,11.79634001157248,12.279051505992788,11.597438117491365,6.404119447073374,9.874691232030631,0.0,12.19613740248493,12.57325985468836,12.729456092001326,12.360547082913222,11.733457913468364,12.889702901170589
"Butanal, 3-methyl-",808,Good,2.29095,1,11.641816472863674,11.447777662021004,11.65520965296424,13.19270463327511,9.8260700303095,10.509080624073915,9.850244662649304,8.160583126860216,10.35937760405838,0.0,17.8194799292647,8.481941591463485,9.025836444838143,11.086406563355384,7.074733529192245,9.296603145014776,8.555542397849605
"Butanal, 3-methyl-",829,Good,2.29095,1,12.224145841989388,0.0,0.0,0.0,10.7246914991094,11.219537265747752,9.70680358475247,10.105942802926766,11.613893382407609,8.548424317785468,17.648832690831526,10.72908622411876,10.62037882178243,10.961392003635432,0.0,11.29323313127884,9.30410153106788
"Methylamine, N,N-dimethyl-",812,Good,2.3699,1,14.575778077743626,15.25378129782196,15.453986698325313,15.269694131362028,12.726263213303996,12.23475856362945,15.738744543724517,0.0,9.887942779189675,0.0,16.97951037328795,10.233837470663136,11.989897359686184,12.84633410863994,11.62893133816977,11.577231110224696,16.80064198945268
"Butanal, 2-methyl-",936,Excellent,2.384266666666667,1,13.537847894527726,13.14725725400283,12.629310343792522,14.508563260257311,13.094496459048322,13.434207394576156,13.662115725291406,13.240968434543165,11.126995470361871,10.65431883792808,18.26599652300321,10.911302961666,12.832849130016314,12.707322578388627,13.037727775090922,12.32369251213931,11.67671737594842
"Butanal, 2-methyl-",909,Excellent,2.384266666666667,1,13.240664775970904,12.865216739925255,12.047869177932638,14.090300841009435,9.437084438405895,10.327906444466116,10.350793238882725,9.30122235229292,10.272418032819896,9.016275028413917,18.32024802417396,10.887942265707975,11.247411239729049,11.989547772009365,11.577393535086546,12.015956093695308,11.360829021638992
"Butanal, 2-methyl-",935,Excellent,2.384266666666667,1,13.499744495340083,13.34737328595805,12.93121303744873,14.782842117421636,13.26256275911983,13.666538542778586,12.790627881715452,13.46943287739523,9.367917066099148,9.190311545668328,18.35619614987261,10.307732070163562,11.48308687800798,13.03355988630135,12.436459685674398,12.41474047782312,12.499225771288268
"Butanal, 2-methyl-",858,Good,2.384266666666667,1,15.330036015070696,15.342404281720132,11.71920670832348,16.897481921105637,9.8389664193923,11.239420083797189,8.91936062895404,10.438668216285212,8.664632701060112,9.917560881556067,18.06248171265834,10.802608970057024,11.178060352852338,12.441774960563457,12.145524849161564,12.468861117265464,9.326734032190013
"Guanidine, methyl-",806,Poor/No match,2.506266666666667,1,15.191946783767026,14.478070924841225,13.112120663925449,15.055416962855936,12.738635766744064,12.853250358651728,12.178939022611692,12.56155452160788,15.292186177192104,12.14624547794511,11.912686632158003,13.06676185459011,13.133845205907193,13.100321064529613,13.23728540360389,13.394541047084626,12.70516322957276
"Furan, 2,3-dihydro-",922,Excellent,2.552916666666667,1,10.234919930569973,10.731978622490567,10.430673751266744,11.888614557985749,17.12987635828688,17.462111196208312,15.87670074289771,16.703697953161328,9.711292797630072,14.55164441437157,14.02679064427226,12.172940749107818,16.16028235197752,17.053614349780453,16.54361645266546,16.06899487146907,10.020832558207417
"2-Butenal, (E)-",927,Excellent,2.552916666666667,1,10.726202587840804,11.071412957657152,10.815033079909774,12.048978161043031,17.104918716645933,17.43866223543794,15.839142294600636,16.676464994672813,9.750582877133542,14.345871487756009,14.52287455448128,10.71377662098251,16.100194775939798,16.998763769211887,16.495050065716608,14.90047805244972,10.361494260687572
"2-Butenal, (E)-",939,Excellent,2.552916666666667,1,12.28200486244879,12.206994115120803,13.433298367836958,9.455737464493764,17.034862510235318,17.171095189340694,15.840258151235451,16.09118524038552,9.629737447530331,14.592413628226756,9.298635768416345,17.349066725645784,16.160322131912803,17.077630312704937,16.530800332916098,16.121505637355735,16.317483041105493
"Butanal, 3-methyl-",895,Good,2.6139333333333337,1,11.947040232176429,11.84864011711572,11.833201424048845,11.554328258975616,18.000624578718636,18.532946500400566,18.47593183469053,17.8448634093591,10.397655305502116,14.026847325798569,14.87162569488705,11.248130268484896,17.48007974877777,17.041601841379613,17.905073497267757,12.378923981058389,11.8673455439362
"Butanal, 3-methyl-",880,Good,2.6139333333333337,1,12.280722009390436,11.814031969636014,11.773426123385711,11.594156471729582,17.99417937669078,18.526620510601944,17.20713703519648,17.83884693675584,8.17349551988782,9.130893020654636,15.05948361521012,11.172732427491248,12.832035963385238,12.89346638578304,17.184928569646086,11.820263151443848,11.834693281990049
"Butanal, 3-methyl-",891,Good,2.6139333333333337,1,9.96031378298319,9.78808198410791,10.835941094625174,11.760987602315897,18.025868769941763,18.55049371866,17.561069488973036,17.880945253441816,0.0,0.0,13.884782191244406,9.59799820765813,13.52700611472865,13.634383438646248,17.517801059189782,11.44047394176516,10.434861899351873
"Propane, 1,3-dimethoxy-",810,Poor/No match,2.6211166666666665,1,12.333808380457745,12.18882131345834,11.944356714298726,12.75561240065744,11.123418363282674,11.036711766067883,10.211415120167704,11.403199840908435,13.344767870756666,9.765972995442777,13.71185929641165,11.45767135592487,10.99518504246357,10.570991163338311,11.390993063966318,11.18681121055106,11.850028359164805
"Butanal, 3-methyl-",871,Good,2.6534,1,10.039407612314564,10.40947524878073,10.628914439471025,10.660805773517572,17.900347772792877,18.43320880230235,18.40745596951362,17.746798191082952,8.713196505556798,15.02822628927088,14.39520980753414,14.007604284596514,17.825883902064568,18.41561499314124,17.813784015023025,18.168187649848782,12.004061859394108
"Butanal, 2-methyl-",786,Fair,2.7287666666666666,1,11.199009272185831,11.059530258256531,11.719891557244678,12.65491302020071,15.84135348931034,16.37482241795403,16.049887305159633,15.720181355678932,13.935174165156752,12.94451988661607,13.9178874706037,11.813209222529531,15.5777831263831,16.108097091311745,15.49064528636199,15.860970651343656,12.409802654432877
"Butanal, 3-methyl-",777,Excellent,2.757483333333333,1,18.470420142929648,18.38917076682448,17.80277714506625,18.43874848904112,13.206518677212824,13.37655661926611,14.01875499276079,12.484509825460918,0.0,0.0,12.894295969075468,18.425289049606484,13.896238603403676,15.664757199605818,13.372840384262837,17.129811615116097,18.801384275943207
"Butanal, 2-methyl-",904,Excellent,2.757483333333333,1,13.068579670340036,13.66957051874799,12.847491841740473,13.43173299702367,18.64650441191213,19.09188698855693,18.84179746019901,18.19418869312125,12.212649730250238,15.777845930324569,14.60484273642235,13.26693060870994,18.414866443003195,18.960766728970928,18.23155866975946,18.784369472529846,13.97135615966866
"Butanal, 2-methyl-",918,Excellent,2.757483333333333,1,13.10165458356186,13.677797400462458,12.767343420159907,10.53259436862514,18.599034382182776,19.036513014046005,18.765315565810752,18.11379107998157,11.738347253497835,15.71905481997307,14.313752939996233,13.143301598025865,18.356037481280605,15.17385715016816,18.182028105538347,14.799205996308492,13.88757269261182
"Butanal, 2-methyl-",903,Good,2.757483333333333,1,17.348255912644476,17.304274045568324,16.68735720746809,12.269618726373713,18.75946605282333,19.17220846260169,18.862723216468893,18.19473941520068,12.875779446591704,15.75018916958763,16.229485196984516,17.249362530415105,18.49574913405832,16.511973130501836,18.33560396525404,16.759963557675068,17.693946970559004
"Butanal, 3-methyl-",898,Fair,2.757483333333333,1,17.977691123869814,17.905862271649177,17.343759031500156,12.674778649616943,16.606750206657292,16.58535288821509,14.853752918491177,12.862743156746705,0.0,0.0,0.0,18.017561175169405,16.171033112926573,16.10546684569077,16.263936132196182,17.250396469422544,18.387689182907405
"Butanal, 3-methyl-",896,Good,2.757483333333333,1,18.453574130789047,18.368103721862635,17.78667927132586,10.23376778390195,15.231223131469342,15.675369909463738,15.733774753906111,15.139360146743192,0.0,12.322665399525263,12.71104681354524,18.42139149546837,15.147159939099565,15.620810065523813,14.830128469961805,17.050992078903136,18.790343206334807
"Butanal, 2-methyl-",858,Good,2.757483333333333,1,13.819626753328814,14.133291685847013,13.287655520885645,10.862851452622984,18.541237913621583,18.977083791056263,18.70267969263353,18.0440314834636,12.221658668410312,15.668322199685385,14.166435908921024,13.732644756062289,18.29458307947721,16.19061595038023,18.12667498135385,15.758934137727882,14.381589423197186
"2,3-Pentanedione",737,Fair,2.7718333333333334,1,10.816377811578072,10.252431404841705,9.72227435088585,10.443804934019674,0.0,10.30898812889367,9.904385134314646,10.573528692999568,11.793811830978129,10.88668499786699,16.09014978566044,0.0,0.0,10.330851684709932,10.531261919240665,0.0,0.0
"Butanal, 2-methyl-",905,Excellent,2.82925,1,17.05981019442705,16.682734629351792,15.883101466190428,17.052609672760983,16.050388447699266,16.316565050561838,16.466220056662113,15.95254816665999,11.11632336778385,15.026576514163793,14.821594287582048,16.86629754609118,16.566641058929836,18.92370097033901,15.552853246005004,18.756933244034585,17.398135268567934
"Butanal, 3-methyl-",858,Good,2.8328333333333333,1,16.628324234073173,16.634787860906176,15.302953728973623,18.104959966838948,12.386555760187164,12.992535069303688,13.472362635620115,12.309604423064316,0.0,10.864816226291117,12.115560696613455,15.438763019996824,13.108081354183266,15.35654802380126,12.24085460616703,15.298195252093766,15.959506516943296
"Butanal, 2-methyl-",935,Excellent,2.883083333333333,1,18.70549378434873,18.55605431366884,18.027960401452457,18.76445360845829,14.211078360070724,14.62212250101393,14.812659501571076,13.91489814207012,10.7126614982025,11.766717788203858,14.644826069075496,18.5382290866522,14.5912766570147,17.467710513757105,14.492855988133575,16.943720006803158,18.950131641515547
"Butanal, 2-methyl-",874,Good,2.883083333333333,1,18.627281925691303,18.47762714544588,17.950444614119444,18.6829065806816,14.176948053895362,14.509747130876804,14.710473345398034,13.831998166223729,10.6455678850055,11.775464523900714,14.448432883529,18.463484882643268,14.444659110202169,16.999424928347008,14.394467602367452,16.44852110079835,18.87342451545232
2-Pentanone,781,Fair,3.109166666666667,1,11.674488913057134,11.37639912448654,10.972800734794806,13.040962055395964,14.22545940926138,14.14730045917667,13.777934607146916,13.929739491450844,6.976909492072413,13.314026138922056,8.807126728914444,11.45860125762361,14.271008417511744,11.42607117272087,13.668832847512531,13.834308426739812,11.852007550599923
2-Pentanone,913,Excellent,3.17735,1,14.820592463566433,14.44010652148509,14.992358178482084,14.686383385557043,12.123059988742456,11.867142126398113,12.853909664569342,12.96731276416356,0.0,9.20284095914169,0.0,14.723865796497968,12.3388333186814,14.704290446372562,11.697031941247229,12.18957638679298,15.18590580834071
2-Pentanone,772,Fair,3.17735,1,15.161055942507884,14.85896868422183,15.203775031148034,15.03988465062047,12.956508735552552,13.092814138685116,13.264957411885089,13.307200934514729,13.573885765867528,11.522415857576965,11.34411711051752,14.964726718830963,13.522664147364448,15.08716830760263,12.942216955862206,13.040555999983026,15.443311424853956
2-Pentanone,861,Good,3.17735,1,14.658846060678297,14.2156567396541,14.918104740719642,14.55629058449552,9.74733537349596,9.43269380609122,10.664417906956745,11.047075482883988,4.5204802427538375,0.0,0.0,14.710687846712853,10.554742086743904,14.752911265867969,9.9883227135887,10.389755261942154,15.136356299365366
2-Pentanone,796,Fair,3.17735,1,15.062230240217229,14.728319629840788,15.173964094549309,15.009266258752518,14.4387253599265,14.407585243036396,14.155322585201471,14.173650205695251,13.289903723739034,13.3762793849596,10.412522473035311,14.951503790883612,14.441655775521316,15.040876092119458,14.03844318123834,14.136142063048936,15.374794504497212
"2,3-Pentanedione",852,Good,3.2563,1,15.950843478051002,16.247937676393466,16.509655180547146,16.397677747196294,17.35870340582915,16.50083412548809,15.395495103871289,15.50162258024676,14.30965049049035,14.383133812923134,12.88726836982387,16.68405273697429,16.238037058158184,16.26558768367488,15.825353818161616,15.551034126429132,16.51399670126358
"2,3-Pentanedione",888,Good,3.2563,1,14.180367012225014,11.931033465318798,12.596501887452357,14.423231725278368,17.323054665573608,16.416216566311387,15.267521340782498,15.394561381871258,10.208561536837822,13.971136886217714,10.133753695914296,13.618970669488474,16.143428722012118,13.17896582573431,15.716173260075568,15.41927200879968,13.545784787419814
"2,3-Pentanedione",821,Good,3.2563,1,14.143344560912537,11.238734639960883,12.57341129022338,14.38346622744522,17.36399791520356,16.421110749683205,15.224405782211576,15.324190493202352,8.541250974983875,14.144502984577953,10.283284117956455,13.655875457448332,16.073142731538063,13.144558543807117,15.741428744208353,15.365229107645584,13.5243005190056
"2,3-Pentanedione",820,Good,3.2563,1,14.763459371947109,12.807903564335966,14.15615429448928,15.250741544494105,17.389919290062377,16.469794873884638,15.309739223299712,15.405629971872324,7.967617526573916,14.119338651436372,10.890061813120914,15.271496544311564,16.11846935427041,14.574253919138078,15.77662598073194,15.46336137136814,15.050899643776086
"2,3-Pentanedione",857,Good,3.2563,1,15.868517828326803,16.19344600305276,16.486097658129022,16.387781841287218,17.35544008642729,16.485231060063263,15.371639986714491,15.441338700332512,14.005128284217871,14.329053682962751,13.012090567365073,16.670822961608504,16.172291507663605,16.24793087301523,15.810563984848503,15.510222687488216,16.482983571963732
"2-Propanethiol, 2-methyl-",750,Poor/No match,3.2886,1,8.687536977678311,8.155684203829201,6.19592092645893,6.781138672866271,10.121181593426984,12.485705688958005,11.023838660070654,12.400825236519443,0.0,9.044168971673296,0.0,4.5999861284564645,14.336047361000263,0.0,11.091396038001283,11.516690668317612,8.719370596114038
"Ethanol, 2-nitro-, propionate (ester)",716,Fair,3.2957666666666667,1,0.0,13.683998216929012,13.744703737043006,13.522203801930466,11.874629899164688,14.172776064317269,13.04062069223377,14.080012069976036,0.0,11.092286876312912,0.0,15.640216182206895,15.23899141537516,11.99067112752732,12.768324071658864,13.275110346852529,15.10680804680553
"2,3-Pentanedione",786,Fair,3.36755,1,15.835224948718864,16.211274342215233,16.53631626099978,16.367980541098316,15.23130142845556,14.366796298778995,13.37968254190029,13.656261462739533,13.191220184858166,12.827443534508696,11.766602015404883,16.753547893263136,13.29655852421433,16.325298634084874,13.891481919523718,13.554696273309911,16.518523050464136
"2,3-Pentanedione",766,Fair,3.36755,1,15.42030886471793,15.912640377227223,16.304363203175782,16.056514517881336,14.569604543961844,13.589647315888037,12.465669114144866,12.674525750924966,10.052742663269017,11.712706393619628,0.0,16.572093136542172,12.65574068169388,16.115540817311807,13.215262556679482,12.499874260669396,16.32968647227118
"2,3-Pentanedione",782,Fair,3.36755,1,15.503339425335488,16.01598420065273,16.392632302906033,16.165802017823612,14.24827935994449,13.244164444588352,11.96416144338636,12.54784326200694,0.0,11.606868485829542,10.557261965711266,16.692995157119025,12.560872369568823,16.222174387632474,12.776665148271295,12.266616197766506,16.4425229835869
"2,3-Pentanedione",831,Good,3.36755,1,15.146197485833198,15.701048153966418,16.109493107135194,15.84509087687332,13.934692676739855,12.978164136862327,11.619858355371548,12.3146658110669,0.0,11.273208493161585,9.94992473344032,16.41701707328452,12.528462535387083,15.93474965091934,12.475400921083931,11.82400675890522,16.17262407146003
"Butanal, 2-methyl-",794,Fair,3.4142,1,14.741555937288394,14.49740625450822,14.375388704199771,14.712944048407476,13.1787066723355,13.908173199108369,13.599295141572236,13.554942109876707,14.63159092047478,12.944781976268429,12.562853896115296,13.902787136588724,13.175937583951807,14.337412779877871,13.234357931186652,13.73213192835146,14.33367612196538
"Disulfide, dimethyl",917,Excellent,3.6115666666666666,1,8.181906397981598,7.7084161350698785,8.400131267373611,8.797580751002249,9.08480460016754,9.131493150134569,9.71193397511182,8.997650010630567,7.634964920680916,8.336627646753465,17.87672289085813,9.1965088486504,9.121823576917182,9.290797951320013,15.899618519620974,8.3548115621123,9.09280315637822
"Disulfide, dimethyl",925,Excellent,3.6115666666666666,1,6.01420746749224,3.543247174314574,3.708111934419557,7.237672189143916,5.311795517301106,4.951869113942724,7.24045854263765,5.774373852068505,5.396796527936787,5.218121608503149,17.85469224040417,6.802918587961364,5.771194064547297,7.095970132839519,5.198638212728623,4.187630808542785,7.933145502973063
"Disulfide, dimethyl",909,Excellent,3.6115666666666666,1,8.052976981093618,7.705350202947745,8.644376249658787,8.974068793698182,8.676654478555047,8.572450735884168,9.760906740365323,9.191138514276435,10.018657205064686,8.223395622697792,17.876627408507975,9.419311845430885,8.571425184167667,9.652126635350855,8.518759908125396,8.618850755817856,9.213591800996063
"Disulfide, dimethyl",962,Excellent,4.2324,1,5.956070633193554,5.2563744321690855,7.623703037939358,5.644714894381588,17.486696859831106,17.696757531029384,17.375856790509168,17.05307746131397,7.7003203162441665,15.12718116814017,6.771854038933142,5.2287757964087405,19.181993619483357,5.104481915023511,17.46051785221928,17.967598773845776,7.40647982529322
"Disulfide, dimethyl",943,Excellent,4.2324,1,18.27165189263784,18.33056120081686,18.04015542923864,18.960668911779685,17.562394487329616,17.762909479175786,17.53627524924065,17.174226260944135,7.761230954906815,15.2382388960223,17.876385390096853,19.16528061152206,19.27747635386537,18.42826176011182,18.144353098940904,18.07315040891399,19.275942654657943
"Disulfide, dimethyl",959,Excellent,4.3759500000000005,1,18.331893393788132,18.36199446929053,18.060561906906223,18.9907788295036,14.501907410147236,14.865984743646028,14.660260473706186,14.441721380290351,0.0,12.23647481638181,11.122408058815688,19.17119908603844,16.548657249330116,18.437713080339915,14.805455886683111,15.371795503809462,19.28615522919069
"Disulfide, dimethyl",933,Excellent,4.3759500000000005,1,18.176581798420838,18.247339940382485,17.995156370496087,18.897770959013453,14.198868586324195,14.510167654600169,14.34826663120365,14.100029862717308,7.549995329337752,11.794781390708144,6.409507918202061,19.152642245563698,16.20901328860224,18.40450497027705,14.376326480191738,15.02147293807436,19.250053037693608
Toluene,848,Good,4.734816666666666,1,8.116767835462246,7.575180851454134,8.105983755019883,8.372781568724628,13.546219208382938,15.302648432328384,8.914805124704692,15.156260598231018,6.968942839530963,13.944209186698911,0.0,8.913180762957218,0.0,8.518921151412092,15.940996095783555,0.0,8.360045076657974
"1-Penten-3-one, 2-methyl-",850,Good,4.831716666666667,1,9.0678340816469,0.0,0.0,8.92640975180163,15.366884806489333,14.061740736485463,11.411150647430944,13.981029319975088,0.0,12.527760230278911,8.667283196906437,10.102691411603118,14.056724802544116,14.76259809365821,14.363922975359555,13.669604841853122,10.62095848530138
Toluene,905,Excellent,4.842483333333333,1,5.317208627622359,13.089115733002496,14.215833086187232,14.507807404461207,10.43336839249054,12.255347598687246,13.489151261522956,13.064647456654386,0.0,11.986835097270175,0.0,14.394863669135397,14.704832136424605,17.038499475435714,13.656923805197918,16.170416622257875,13.419183295266723
Toluene,889,Good,4.842483333333333,1,13.035791857563702,13.576171192640768,14.4974891665305,14.946150882111995,13.68694655978561,15.346569301972538,13.78171343447438,15.223160968858378,9.166613533215942,14.030454545229397,0.0,14.563335832872784,14.78201363450926,17.05345130942744,15.99542973416054,16.218515514183796,13.958561617966945
Hexanal,811,Good,5.0578,1,12.422550178743029,12.642545454971684,12.716240338333078,12.703929445480936,12.427297119105065,12.103233035481797,11.554779820842883,12.472541064301923,10.016048838467466,11.469370504975954,15.33697605725115,12.630398624645265,12.605234591879029,12.882673246795688,12.360804088884214,12.4185945177391,12.475667298230295
Hexanal,782,Fair,5.0578,1,8.29149610327695,9.948556885084685,9.874245321430664,9.69485689895715,10.016059745458398,10.268402353484696,9.599018335031063,10.240662527938596,5.97260431325373,9.55573801803543,15.39792479437551,10.483817906584816,9.84259043747197,9.461920632540254,9.14302648455096,9.365419973025553,10.34927909828636
Hexanal,913,Excellent,5.8437,1,15.386264367076068,14.689412992005002,15.678237747229614,15.488934170104422,15.502573528180802,15.67314760714755,15.264239501870994,15.540532552670529,11.644500897850182,14.252031523380785,12.755540423452986,16.14446763486749,15.426270084695778,16.242613969875332,15.590634994020464,15.481152089400776,15.643197152198436
Hexanal,834,Good,5.8437,1,9.828219932294967,10.5414076484992,10.56741783850096,10.738297287660034,15.57133180261394,15.776971862823586,10.52023173661689,15.612059516348864,6.800125515864471,14.357196698520138,9.59077426464046,10.409613905361914,11.278938122525997,16.309085560225814,15.700007545057227,10.879573073993676,10.374298805517268
Hexanal,890,Good,6.05185,1,8.272753453952607,14.384789840647668,15.534674142936428,15.334465486518454,10.25255703495572,9.45193073750757,15.19071423687401,10.47904168377364,0.0,0.0,9.567805796161258,16.062346502486623,10.938910954426976,11.523999822287411,10.022963610873807,11.379728908824498,15.5008319646419
"Acetic acid, methoxy-",751,Fair,9.170366666666666,0,13.166113487308357,13.29775911074412,13.586483848363304,13.645988355527,13.631446934595283,16.800689296702064,13.975064502408388,13.943669864616394,9.951976194590712,13.681527103839176,16.965488163217156,13.396080235706757,13.511872999095,13.498090587263462,13.457478137728778,13.520451450403234,13.65357005220214
Methional,855,Good,9.8594,1,9.642294906891438,10.708051509442996,10.450405992420588,11.146858552944757,11.551341502859684,18.468252103450794,12.260359960363624,12.186715587793593,5.239580577064599,12.125883223223582,10.260881392344093,11.462866108035271,11.548648065831683,12.510440231811124,11.65947411081201,11.894204476579922,11.437190163854938
Heptanal,847,Good,9.866566666666667,1,12.952297945391413,13.092800829963382,14.076263184936344,14.137679547645243,14.75454824765718,13.995649256974447,13.86299612707506,14.829780726710204,9.782825646931348,13.806902257142175,13.961079884145212,14.60426927221178,14.05129727655335,16.04826217298998,14.628343756854434,14.707625858095891,13.904629696707884
Heptanal,868,Good,9.866566666666667,1,12.247836389233376,12.349465073284785,13.845922392187754,13.817654374747269,14.555702898900703,13.260889516767763,13.628915228787918,14.470579127621544,8.941214637316659,13.498375559802286,13.33321761884989,14.54624653722891,13.80423141465925,16.042162727350597,14.458433511286012,14.630021755634411,13.68568770218897
Methional,893,Good,10.3331,1,7.335418453582313,10.04441992981973,9.942777135039226,9.362420507730624,18.439535992452807,13.138622927738265,14.37806783061668,17.922752809889587,6.57773509406016,17.499053185267005,18.17548379857849,18.48481398589798,18.311260792873465,18.590839774507376,18.254954507642903,18.782238932090458,14.72314929146827
Methional,855,Good,10.451516666666668,1,11.4418050774855,17.018034222095768,16.892148941812586,17.477591513790053,18.441849334939164,18.670513584849108,18.601339174533354,17.972764740726994,7.839141711867897,17.50243437730355,18.209160054912715,18.50933283942075,18.359787008924783,18.61297776610667,18.270291427727432,18.796569512518108,18.4504125735864
Methional,871,Good,10.451516666666668,0,11.360256907126937,16.92490920437119,16.8166908056027,17.395126332147534,18.43535804432739,18.66823325105759,18.568276796510528,17.961553303500683,0.0,17.49191074858309,18.19928416610388,18.49865557721272,18.34729596386177,18.60139607959408,18.261224095312414,18.788397000452925,18.413165009317943
Methional,869,Good,10.451516666666668,1,0.0,16.983125143314,16.86240799960301,17.448634499351133,14.404362924472194,0.0,18.595011782791453,16.280043524518813,6.119575075538561,12.905693089793289,16.229678726454924,16.402085420941,16.656794510339434,16.4036915985388,15.75021971211926,16.3364704855408,18.439764196987745
Methional,814,Good,10.738616666666667,1,16.819928061033615,12.658513589003212,12.36810082149198,12.955098413466697,10.220530070071316,10.11221232915853,13.018415434628432,11.091742308703123,8.66672311426077,0.0,10.276218877974124,11.324957106826476,11.574076331476686,11.159779919047478,10.634580340991857,11.300414472569384,13.696780706659757
"Tricyclo[2.2.1.0(2,6)]heptane, 1,3,3-trimethyl-",848,Good,11.004166666666666,1,0.0,8.757635156438035,10.206735280192778,10.953593002012424,15.286615995945231,14.818584270417418,10.31530420555162,10.983331919616315,8.070081187650189,12.766770197861796,14.421069509345184,9.758026683373997,9.316656551368608,9.878519745889356,9.69890255308581,10.338965193350097,10.19289795830026
Dimethyl sulfone,809,Good,11.126183333333334,1,7.441413136281795,12.90162809508616,13.193846683095211,12.73214469451908,14.5676784537601,14.670095326773534,14.488729393429995,10.336090305049082,8.83116783260529,15.055366316391922,14.06305508423085,10.982170876869056,13.811181469469537,14.131172309298057,13.633003176841418,13.965607346527184,13.949870114013692
Dimethyl sulfone,781,Fair,11.126183333333334,1,13.090239472971197,12.958133972204122,13.187381438628869,12.811416697487832,14.56947922209069,14.65739494999007,14.500961875952395,14.47867298161026,8.875911574165693,15.054147757359384,14.051384075260366,14.075615406158631,14.090774432176152,14.144805188332487,14.513059654254471,13.98209765337114,13.942281335003225
trans-β-Ocimene,874,Good,11.140533333333334,0,10.390748465324704,14.634426655045957,14.87596174231442,15.092777172956575,15.421677538300434,14.781204770503123,13.894752668621004,14.832787265854115,8.043696025289778,12.79237384960975,14.648261554730448,14.566352872731668,14.865184750388629,14.907488304439472,14.656082803925456,15.41104032118421,14.583557743720958
"Bicyclo[3.1.1]hept-2-ene, 3,6,6-trimethyl-",896,Good,11.140533333333334,0,10.306731882468704,14.63062018783746,14.872484159626095,15.090286184924096,15.414463021724956,14.771597129221565,13.880489777917337,14.838584812899828,7.764619684322785,12.7733445927789,14.648978215493136,14.562996412685886,14.869050478224889,14.890685764380653,14.65328591599414,15.40547878864794,14.574704147129903
"Bicyclo[3.1.1]hept-2-ene, 3,6,6-trimethyl-",893,Good,11.140533333333334,0,15.06321734578115,14.63294810479131,14.875177770766411,15.090898515361792,15.42546382835945,14.794504610014814,13.90101884526417,14.859539731679876,7.566810396402828,12.841242080038691,14.661223758157815,14.579396679979444,14.88300493213325,14.906442403026029,14.669289589484588,15.410381485081562,14.583475540416693
Dimethyl sulfone,747,Fair,11.42045,1,10.333178001210964,5.195518085410506,7.206373910767062,6.82890192278161,7.261141909881259,0.0,7.926303463637541,14.477200913463196,0.0,7.169602960166326,6.9708170185361045,9.758716665662424,7.705460243564251,8.012517525039376,9.457673747376926,6.766331479203846,8.149022894839746
"Bicyclo[3.1.0]hex-2-ene, 4-methyl-1-(1-methylethyl)-",867,Good,11.441983333333331,1,15.067484765217529,7.824374762768816,7.44623911285138,9.131079786162022,7.137807860917453,6.713377027208642,8.612383016365342,7.361315558211197,6.833125009627827,6.320826182886711,5.751381971401409,7.802307280309448,8.543897406501811,8.130646156417654,8.905077898509742,7.373774234301512,7.799963002217932
Benzaldehyde,962,Excellent,12.834366666666666,1,13.3168716889709,17.245632027918408,11.289212816271702,17.785332575868594,19.69754431965269,19.430496471738795,18.851640980400923,19.186589478715188,7.474032014279259,18.32454301132869,19.181490827935463,19.332918820857916,18.826755848858863,18.995024518785986,19.11883046979265,19.21581713174437,18.803728372062487
Benzaldehyde,912,Excellent,12.9205,1,17.227655436699,16.14970863177706,17.195632355014137,16.49126604968608,17.838821865714287,17.755319306151172,17.138406535316825,17.534403265104732,7.2942769468964626,16.391254022264576,16.378312866619087,17.495609999299408,17.41237234054677,17.45557276359581,17.29246160159733,17.470711959190854,17.41328275539215
Dimethyl trisulfide,909,Excellent,13.024566666666669,1,16.54760973976262,16.881824320098765,16.731300165788497,17.54067741540349,17.574608674219625,17.771617527159062,16.961135078924023,17.034550752634157,5.869946625482183,16.319290091275953,18.1147345069794,18.94652213889959,19.116939355335308,18.724981175050186,18.108720206285724,17.951261001590147,18.924328122843114
Dimethyl trisulfide,924,Excellent,13.024566666666669,0,16.549139256916476,16.88270941530822,16.73195202428893,17.540499331127073,17.574163183498055,17.770326685839436,16.960769778270603,17.032851149210757,0.0,16.318917319887507,18.11405834942484,18.94556100997126,19.115838696012883,18.724570512490157,18.10753057763899,17.950758067732135,18.923784983855093
Dimethyl trisulfide,921,Excellent,13.024566666666669,0,0.0,16.775479629545977,0.0,17.514233406093062,17.542470060873402,17.74418373151342,16.938835364281864,16.853240251222136,2.364777850756535,16.251756371207872,18.102580025626104,18.93859926262528,19.09420656158232,18.704397854593687,18.08200974138313,17.920980387865328,18.89399428197965
Dimethyl trisulfide,865,Good,13.085583333333334,1,16.4840034758074,15.489064906010782,16.699510572022884,15.180047966057865,14.296109808625106,14.5241928226119,13.364345350749776,13.668196825256858,0.0,12.556867310163277,13.643859277198306,15.425549701488308,16.679739693141475,16.088118825663017,15.080158388639443,14.812561587379774,16.7174471672943
1-Heptanol,727,Fair,13.239883333333331,1,11.2982577118439,12.374217362888816,11.935852747683835,14.21602137525309,13.8610706681202,13.278889671501966,13.3594035053388,14.13991701294305,6.55491806366892,13.174625790911085,13.17595266434132,13.664311439985012,13.064025824523554,16.14972520790994,14.222517406543524,14.22295074949677,13.003772713182544
1-Heptanol,755,Fair,13.239883333333331,1,11.610577447866776,12.05243394765892,12.142310801947122,14.097063360606766,13.599954387111216,13.08745832093448,13.201229102941308,14.036060381194243,0.0,13.246062362921055,13.00983854495664,13.529547089841174,12.863171730654138,16.151102338034075,14.155473168573732,14.014719209079516,12.867778062009224
1-Heptanol,861,Good,13.239883333333331,1,0.0,11.198541863187511,10.68892592036896,13.907531989297516,13.369194034456626,12.688152503720604,12.89385302806003,13.928072369321708,0.0,12.905887910842072,12.630029265790707,13.288212207687035,12.366127849321776,16.09945624962516,14.00170351287813,13.861769296145646,12.348428170363851
1-Heptanol,853,Good,13.243483333333334,1,9.868198488793094,10.516670335491286,10.323054946628297,13.749560135420086,12.595338922903364,11.238798941505593,12.189339365051408,13.264272122227649,0.0,12.122784060236633,11.846809435191448,12.623764565761755,11.616322202612276,16.039469294084228,13.70639502138548,13.488558045380875,11.889314903822962
"Cyclohexene, 4-methylene-1-(1-methylethyl)-",824,Poor/No match,13.279366666666666,0,11.911689240474733,13.337847940607302,11.935732196533085,13.710577817798642,14.03601976156737,13.485267291318602,13.338399908577628,13.334443201265398,7.602450292025813,11.790441377817256,13.22535721668841,13.435833555130303,13.469042318525398,13.311041193820149,13.244327659797015,14.143537324426845,13.247294688071136
"Cyclohexene, 4-methylene-1-(1-methylethyl)-",833,Good,13.279366666666666,0,11.359313028658802,12.981088279509049,11.298283017072992,13.422179189020545,13.796923518638229,13.149870936527808,13.016719469946093,13.040065026857665,0.0,11.36408453566851,12.78799815462822,13.111979966313534,13.112804044306484,12.999148133027436,12.896445523843315,13.992134350609424,12.85559003464091
"Bicyclo[3.1.1]heptane, 6,6-dimethyl-2-methylene-, (1S)-",822,Good,13.279366666666666,0,11.432514713574264,13.034555590144556,11.433452395694191,13.463354876942637,13.855475097803964,13.226906414681247,13.094137084236973,13.138157506363616,0.0,11.464165449927068,12.863976414181934,13.186705748832098,13.166776721145936,13.053836964924992,12.972619481667728,14.040400355561175,12.906372728810895
Phenol,943,Excellent,13.6777,0,17.384812800627785,16.386167253156998,17.115268550613308,17.375793732648773,18.59399432527287,17.921852480541645,19.429395782475297,18.6565873949224,0.0,18.16289849814608,17.764280640257294,18.796757549810973,19.647849752423944,17.477434274634874,19.175022747812072,18.61215656118649,17.893371761554974
Phenol,942,Excellent,13.6777,0,14.317021102955309,16.11889063642053,12.294086644261478,17.325436908828436,18.55435083523256,17.869950793304227,19.38119443231074,18.62562283875716,0.1880070534129714,18.12673222763712,17.678645232162594,18.760538682623142,19.61846869239873,17.372097123756628,19.12186410335745,18.56866322342944,17.84398743118098
Phenol,955,Excellent,13.720766666666666,1,17.340603497397872,15.869863249636238,16.993426331533332,14.189257860032466,16.25315196111219,15.599970465006953,17.644065561203632,16.377109701262825,0.0,16.032582546291177,16.293872918425258,16.218252999438516,17.549166208069703,14.548663923454658,17.500221245880415,15.909764960245685,15.008039057352413
Phenol,944,Excellent,13.72795,0,17.18425624816537,15.128451300708209,17.020176303726956,14.650822278439248,16.471168731294583,15.970256387821204,17.567763666950636,16.36256451742819,0.0,15.950825487600962,16.1981819865188,16.643692642103375,17.447551304829584,15.980235946885983,17.35624986547097,16.575934465680987,15.842538338809751
"5-Hepten-2-one, 6-methyl-",747,Fair,13.954033333333332,1,8.898085606748811,11.943518917827996,9.07044895680346,11.262535018763096,15.398813040979451,14.701369994680684,14.279112719601216,14.352348271585578,6.447017893075158,14.633539321292416,14.494352501527723,15.046501548374817,14.271989538598882,14.76958889713172,14.775263414997106,14.474415716085993,12.830525871387728
"5-Hepten-2-one, 6-methyl-",712,Fair,13.954033333333332,1,13.023452623721376,13.272900649594051,13.644931742257782,13.877167920254374,15.480841238989711,14.82388911789251,14.418272479184104,14.860303587907582,8.241347711428078,14.742701804478438,14.588075099565334,15.144725774107652,14.444761324788349,14.956145598022252,14.895626015077468,14.74557499160625,14.335745201463268
Octanal,877,Good,14.732766666666668,1,11.795383352193756,10.690032346007207,9.970714079552168,0.0,11.447149573003667,11.729158337717704,10.738681962865082,15.410911912406965,8.096414669624734,11.161827732622674,10.32121631346134,10.644730534165022,10.812739839480654,11.455321703982994,15.100065097902217,12.064957446672423,11.675983805368135
3-Carene,818,Good,14.8153,1,9.444081408487795,0.0,9.413373910841509,10.341846733881258,11.765155043863931,14.263023633366512,11.320437551588022,0.0,7.277460999457314,13.17939244216154,9.692405156444336,11.059039833370074,13.742057032050704,12.258547893728425,9.097451463586747,14.581740490445592,9.357658943474238
3-Carene,823,Good,14.822483333333334,1,14.02167697074272,13.683633062436416,14.435470060288983,14.474227556174672,14.286551121727872,14.346390878344584,13.568255543867926,14.354796638139238,11.04865875045166,13.38286371472045,14.261886914502092,14.078480088994448,13.831444075644471,14.652019951004377,14.199316208339916,14.703655093403896,14.095276422707911
3-Carene,829,Good,14.82965,1,14.040568925516231,13.732382512198017,14.452350118710186,14.4584932669139,14.25728201178294,13.697689089969565,13.543942494678694,7.407292733122173,8.646880774461774,12.232487274300611,14.27874305735745,14.043235755341389,12.506517613526505,14.532150263005947,8.78850949101698,13.80610444266032,14.068877391074407
Octanal,837,Good,14.8476,1,11.361940513246196,9.865473346754522,11.33380950300141,11.896584531316869,11.962315953908846,13.974980858322942,11.415908380795456,12.981391682265269,8.483573950687088,14.122343957821434,11.724797356672164,12.14917110935776,13.474499948037549,12.525354397160037,13.404715439959745,14.90453088070234,10.341056974941178
3-Carene,838,Good,14.948083333333331,1,14.032354151517096,13.72612108641594,14.445380428235138,14.450211931667578,14.249506115411458,10.904704878975767,13.531683128300644,6.112009789716848,7.911603787218524,10.22480447138898,14.275455379412591,14.03711480583366,9.244557223535118,14.5229020872175,6.640498846002079,10.777759824396409,14.06568459926169
Octanal,877,Good,14.983966666666667,1,12.704110208371484,12.281079434601669,13.897897519739889,14.465040484315022,15.056772919316638,14.044105584026475,13.788565907864331,12.389090535055432,10.676313037421922,14.088935543154834,13.152627059948186,14.962742413163989,13.576997201447908,16.88335145285647,12.947820563442027,14.918132574315027,13.434594492227186
Octanal,909,Excellent,14.983966666666667,1,12.583955163608964,12.093953190266117,13.798230269532874,14.386218977538446,14.973038678608518,12.88248103945389,13.645581225370378,11.67578274855456,10.579575431495398,11.990582371926752,12.938544163742474,14.88458876680579,11.854930666890132,16.821373633344486,12.059079183548176,13.127578105491692,13.292710928714069
Octanal,823,Good,14.983966666666667,1,12.58242052805181,12.313960098777343,13.927626974853236,14.303325471042912,14.913109735304218,14.028612090547533,13.727328530512132,15.30427757069961,9.999102740578728,14.1120932235687,13.406367378171574,14.80903553266792,13.697182888212405,16.723247090467787,15.062410533067313,14.818277094433633,13.69385777738898
D-Limonene,911,Excellent,15.6048,1,0.0,0.0,0.0,7.249672226983698,0.0,9.0177694287713,8.76609188419522,18.163218158034173,0.0,8.981740084184448,8.434921198385952,10.073630087315816,10.323906096743729,9.846048724879807,10.727314417940825,10.910137365725836,8.489679678279026
"Cyclohexanol, 1-methyl-4-(1-methylethenyl)-, acetate",928,Excellent,15.6048,1,4.6062524314421305,6.660991439277379,7.972944496288978,6.973908330589468,8.961680107097402,9.148186991775695,9.096749225601366,18.17295371015991,3.798578947790925,0.0,0.0,9.795728722396651,10.293487428736656,9.48469558867504,10.727616214278058,10.70788820087609,7.736680038709346
"Benzene, 1-methyl-3-(1-methylethyl)-",774,Good,15.798583333333331,1,13.34921864548016,12.68670843791272,13.125233439683242,13.681754438454496,12.8963842568715,12.497166867258448,13.447848460095106,0.0,7.277345843294145,11.941050900521802,11.939802406982231,12.900935637705444,13.489429006533287,13.539757045575898,10.562880269190606,14.508566045218677,13.382819080034029
"1,3,5-Cycloheptatriene, 3,7,7-trimethyl-",843,Fair,15.798583333333331,1,13.39439631834258,12.753959084539568,13.182436165043592,13.726577508387376,13.751813001992623,13.588647397054158,13.611557733247746,0.0,7.469678399518262,13.109120695096848,13.319428891442998,13.337731409536715,13.578017762285976,13.74118059080081,10.618813320634516,14.558590951910771,13.58682150433832
"Cyclohexanol, 1-methyl-4-(1-methylethenyl)-, acetate",934,Excellent,15.93855,1,8.437447959714435,9.858925267098796,9.376713330519594,10.100972598382986,18.03198674218927,17.71221891976294,10.83532161156099,9.832933008871112,7.648776606355419,17.686654027368384,17.635206489167125,17.84318716575998,17.252895143129066,17.64328898820716,17.920419529881116,18.589599384944364,17.395040486672222
"Cyclohexanol, 1-methyl-4-(1-methylethenyl)-, acetate",931,Excellent,15.93855,1,11.41650161634914,13.039151996944964,12.023551020140122,11.635427281957528,18.0648954724402,17.7424135669296,11.214530923432088,9.735218124528217,10.09375123196296,17.710183600851725,17.689713901695008,17.903421296082758,17.311190435668326,17.703677704171085,18.15160236140884,18.658196689326665,17.45685274360224
"Cyclohexanol, 1-methyl-4-(1-methylethenyl)-, acetate",934,Excellent,15.93855,1,14.2806977514611,15.01203538168342,14.706077671826971,14.525703994748792,18.10136467592101,17.779898903357967,14.354284320310509,9.09685294541645,10.071827757285323,17.754562687761805,17.689667856475257,17.906801890170005,17.309012417912054,17.711423172551626,18.15001970642904,18.65733325194423,17.466285250882446
"1-Hexanol, 2-ethyl-",920,Excellent,16.12515,1,13.67908210100432,13.300992583131109,13.324870464634657,13.149291964484595,14.47425557932689,14.25353232819086,13.247801579676738,14.852123487698757,9.051290158558864,16.99139299580955,14.49178771000686,14.102627545086465,15.148319788617863,14.068512774527017,13.82768161151934,14.316999122372795,14.09515921673622
"1-Hexanol, 2-ethyl-",912,Excellent,16.12515,1,13.969762585663078,13.69531650464038,13.795506311354858,13.51625298003489,14.541482670485522,14.365089279056944,14.177612091064685,13.887012683772967,10.35238633099733,16.888475083035242,14.547582563006,14.178031703978014,15.18888296207604,14.29898172470536,14.055111901004691,14.4187242000757,14.28719247660024
"1-Hexanol, 2-ethyl-",933,Excellent,16.12515,1,13.914483317853776,13.60723924555939,13.72194109244799,13.406601504003474,14.505617837424882,14.284121917144349,14.117008989819864,14.526090831001882,10.388467515333549,16.92285967623427,14.39774569952592,14.044210143704026,15.131613497168336,14.290428345346278,13.78505470285585,14.28455166784825,14.3288559401765
"1-Hexanol, 2-ethyl-",908,Excellent,16.12515,1,12.4836541673246,12.2065624084895,12.196323058082676,12.111013203866538,14.488691282442502,14.28166165646774,11.924957199273583,12.835324648507406,9.027480511814398,16.867192270590323,14.50037683148484,14.10712187890553,15.159162768059923,14.429372722337618,13.87154327478151,14.330868513572051,14.42726802892091
"Cyclohexanol, 1-methyl-4-(1-methylethenyl)-, acetate",931,Excellent,16.12875,1,16.86559137528776,16.86145793620125,17.131030051239893,17.218884503609303,12.53474086061636,11.414474564018857,17.369624133176764,10.437680796675275,4.0635102046424825,12.298919132111228,10.480310853508982,11.611640663608766,11.9433503647537,12.512487959357466,10.093373912329763,12.725337352104631,11.97851581280011
"Cyclohexanol, 1-methyl-4-(1-methylethenyl)-, acetate",931,Excellent,16.12875,1,16.868581090565964,16.865209821694148,17.134097899424688,17.22219181167417,12.689156625558365,11.605441205669628,17.372618380609765,0.0,3.973616003695685,12.330538082751865,10.61771114312262,11.712548969157831,12.18024711788989,12.67222415534337,9.83302033547086,12.93903051228432,12.185302476538746
Benzeneacetaldehyde,930,Excellent,16.684983333333335,0,8.034546336472939,7.961626954084314,8.453881209832007,8.340361362638072,9.004666032071528,8.254759338311422,9.05852253170356,18.712849767895783,0.0,8.579452505059889,8.22006713814972,8.725209210347728,8.683114286480741,8.409654483122011,8.922124588292832,8.69878416414015,8.411867366184378
Benzeneacetaldehyde,896,Good,16.91825,1,10.441040457937516,10.290842812235848,9.757561714390889,10.171205503668888,16.84705177306401,16.546435197720292,11.664378449642705,10.788446948750764,7.458562116993578,16.874140181518055,17.301056341775688,17.43147406140605,17.34980976722506,10.582189210839546,17.249679556474753,17.190467047169655,16.978863275616078
Benzeneacetaldehyde,855,Good,16.921833333333332,1,0.0,0.0,0.0,0.0,16.073233690896352,15.803580423730446,5.512658771804,0.0,0.0,15.82773178283135,16.301116596172037,16.39726513615967,16.28379985048985,10.736024457195215,16.5343233582794,16.589823966909005,15.983199500832468
Benzeneacetaldehyde,963,Excellent,16.925416666666667,1,8.608914951759532,9.633609094199665,8.957460050175394,10.895251594049444,18.66369494632537,18.156500704800607,9.349773268861028,10.732917003403715,8.327701756349834,18.56116061104177,18.92679388861037,18.97974299151977,18.890788519343744,10.613371142885402,18.99110185149125,19.05424722377359,18.64426327369716
Benzeneacetaldehyde,956,Excellent,17.07615,1,18.312546635685507,18.47737924004096,18.34805271693361,18.939605151509536,14.250972054248509,13.817042878734648,19.1625749615173,11.329954939129466,9.054050850072388,13.22034933746857,15.633190820715113,15.110762869858284,15.994587803180222,19.62778246706155,14.321854746376252,16.20945571383965,16.222101113323266
p-Cresol,948,Excellent,18.723333333333336,0,23.9747954967212,24.064059252136925,24.361989642934248,24.166040453227755,25.19463421643554,25.08577366275573,24.64690732359092,25.439047667400416,6.024686851205155,25.08522515885089,25.00375085084332,25.28550285237608,25.127887451070297,24.75535474338227,25.152099249279065,25.08350765840585,24.695902310228643
p-Cresol,959,Excellent,19.279566666666664,1,12.06667027653899,12.12523203729206,12.004327002496892,12.238746924044996,12.585154415934513,12.28903997209056,13.20317597683538,12.792921546907008,19.348091792831216,12.74614127243365,11.75915779635001,12.704418943891367,13.117371296818195,12.139037062561313,12.528303788301294,12.60929309354325,12.741961141961172
p-Cresol,958,Excellent,19.279566666666664,1,14.225885746861811,14.860811270657376,15.371999785761448,15.362851367329158,15.604162175348312,15.61133798540512,15.785372067407613,15.872950570182246,19.348599304654115,15.627737599807633,15.432642438959066,15.743611360254862,15.718375961197196,14.874408750237166,15.652751371302765,15.64293427905634,15.189918593572177
2-Nonanone,779,Fair,19.329816666666662,1,12.753866590126174,12.450315876672269,13.162870386096955,13.087313692605454,14.348083272726909,14.200129916364652,13.433329843858797,15.23557359630798,0.0,14.7634312397717,14.11803328708601,14.448697422029328,13.79489028435496,14.577540064920091,14.639204058972783,14.711474453261085,13.756998285635756
Nonanal,920,Excellent,20.051133333333333,1,15.122546491225089,14.142547002036832,16.402229070142972,16.78261393982679,16.970514367756046,15.870587563520054,15.220247807202965,17.580292022339606,4.763728269634021,16.18408097946231,14.664829000862293,17.101440843988573,15.532517305246586,17.250019624591094,17.558823038723375,17.745239624713236,15.730172046142988
Nonanal,949,Excellent,20.06188333333333,1,9.519521611564633,9.318203179087364,10.996758565428276,11.095816264880783,12.101260139354228,11.603299146364357,10.554253507305852,15.016895640442954,0.0,13.052841375121693,11.403749102811396,11.873463047565982,10.758901444716274,18.326639053013487,11.739946174890564,14.131063261569135,11.399563418065837
Phenylethyl Alcohol,921,Excellent,20.356166666666663,1,14.978312991852542,15.068495107903102,15.628885941349674,15.160640936974485,17.471540535996393,16.89126327546544,16.61001955643842,18.104450713795536,0.0,17.158935638458974,16.655702100250327,17.326755038136476,17.254588546974173,17.34081813954601,17.02073464652272,16.965915030815278,16.891089327443897
Phenylethyl Alcohol,919,Excellent,20.356166666666663,1,14.96338528663938,15.05406996512319,15.611002186449772,15.14287049998494,17.456486752129894,16.869396934311997,16.594219066085174,18.087392800642675,0.0,17.141504726283422,16.633950905144467,17.30856242186507,17.225207382877358,17.320421359274246,17.00813777788176,16.944726301064264,16.871165705936743
"Hexanoic acid, 2-ethyl-",816,Good,20.732966666666663,1,11.90533473156438,13.472112553321251,12.330270210542794,11.531681596561247,13.969200254303905,14.00112240036414,14.91443977994772,14.650988846251966,7.676694341044101,11.455843604669695,14.271783182975131,14.22406700836924,14.509310445486165,14.506794041504834,14.103047606934874,13.756204355334818,13.66325158206234
"Phenol, 4-ethyl-",967,Excellent,22.857433333333333,0,17.667338778182355,17.94494263184557,18.46434431480717,18.16007351881705,20.032228949496663,19.827766894273488,19.019901304527096,20.50372635340373,0.0,20.12057821239772,19.252715394197665,19.962471259156644,19.646280009237117,19.363742394969865,19.8370979186366,19.82072310931107,18.73532922901692
"Cyclohexanol, 5-methyl-2-(1-methylethyl)-, (1α,2β,5α)-(ñ)-",957,Excellent,23.467516666666665,1,13.662913025815492,13.48510878110473,13.961546460369275,13.896140993559849,14.519156961657336,14.633809676521702,14.023202613319002,16.63231638607199,7.027719583138802,14.863249478407838,14.425287017596707,14.714560878661825,14.400643620532213,14.33101595453328,14.992213622127576,15.166416138242829,14.479683110912044
"Ethanol, 2-(2-butoxyethoxy)-",811,Good,23.95915,0,8.010303381718247,8.348823675722503,9.95438323973314,9.999635976934858,10.405182760891762,10.221930314432358,10.468705330870508,10.45324597647201,0.0,11.617830599954754,9.362271647172111,10.268790989056717,10.128604551874162,11.989088107502656,14.604276474652512,11.28761649146364,9.907635140291612
Methyl salicylate,846,Good,24.14935,1,10.798698814848038,10.66904422225328,11.377593651880344,11.138424375102456,12.768194974068091,12.580482631606444,13.036746876000766,13.38388704823374,3.657783833966104,14.574599194095445,11.546719525484969,12.95403641189451,12.322792093382668,12.44056992433496,12.579212914121069,12.091482463244414,11.80373600552759
Dodecane,915,Excellent,24.375433333333334,1,13.487976571092606,12.994720821543996,13.971415232285178,13.946336563673142,16.170336968111954,15.861042234785344,15.532702170395536,15.792313391022647,0.0,16.113766300663876,15.00575519144489,16.159444031192173,15.029721542273276,15.93914186168485,16.559504380797623,16.18299463385321,14.84227298585733
"3-Dodecene, (E)-",715,Fair,24.61228333333333,1,10.524954958893632,10.300430594925846,11.233396570757328,10.539986867309327,12.768435975387677,12.798740713096551,11.860229086357457,12.607395060838456,7.14059062484031,12.90839629943669,11.884831226267329,12.67427740549787,11.619309812938994,12.46366894835821,12.849574808402812,12.682797697972497,11.41660922534325
Decanal,917,Excellent,24.86348333333333,1,10.75182831770572,10.909824061895415,12.118475062751484,12.595464403115267,12.342898358295244,11.590750168939069,8.982696846716637,12.060637062133823,5.593687489529302,13.379089777168575,9.555336056646803,12.71904120044567,11.172567914236836,14.67308251959843,12.692691872501232,12.74026790762777,11.956011823830076
"1H-Pyrrole-2,5-dione, 3-ethyl-4-methyl-",885,Good,26.212816666666665,1,13.69703723400437,12.92847027519531,13.594337631835652,14.076402363330716,17.012223385705063,16.18544912967603,16.455343363063946,16.411571280727358,4.255699205165615,16.47479835502789,15.337508395015687,16.243415877030056,16.09806805439557,15.703461197399768,16.10519511544465,15.630503757485894,15.426805991785685
Benzeneacetic acid,924,Excellent,26.80495,1,9.329076072165238,10.247507107717924,12.518541376140847,9.171294990440584,16.19328149570279,16.38889120986294,14.358292721890084,16.985641317914137,6.335294658071792,17.92251774835966,14.8336185731978,16.35390290504936,14.691156584582007,15.08488359615556,15.604171592305198,15.155710407886753,13.114464485918658
"2-Decenal, (E)-",800,Good,27.540616666666665,1,0.0,8.328068304566637,9.778239372995223,11.548849363622736,11.575362716523015,10.693466478898555,10.84704720906807,12.196752126033909,0.0,11.15022420516992,9.782082907946716,10.793851203184284,10.238686631463548,15.215197411954833,12.55469489859516,12.518279681358903,10.89026487707179
"2-Decenal, (E)-",769,Fair,27.540616666666665,1,9.907718203602418,9.87828946467952,11.265829604748111,12.70306695608706,11.623424337178362,10.843975593319744,10.58015344307012,12.297707543026762,0.0,10.952387308440812,10.530158078572208,11.18732977509316,10.72859870416026,15.310664251364146,12.67539820573661,12.62962144929096,11.13308236471697
"2-Decenal, (E)-",813,Good,27.540616666666665,1,10.217204069460546,10.139045409944345,11.52890411295954,12.723766394240128,12.377990001920304,11.72704431622748,11.66312342726729,12.771110594872225,5.299767453501776,11.193839464919604,11.17233502733798,11.967975823546668,11.517500476233945,15.274494893482164,12.938584696207224,12.801768352089509,11.452454412558945
"Dodecane, 2,6,11-trimethyl-",770,Poor/No match,27.540616666666665,1,10.528148869965884,10.198632168427268,11.175646884578136,10.660224093172696,12.868660237119755,12.869875332942602,12.346001745054998,12.900778796967383,4.890314220946616,14.562447622365625,12.15959162839478,12.64803583722895,12.131044452822096,12.67525737116104,12.816954742194667,12.645776215170113,12.57991128516654
"Benzeneacetaldehyde, α-ethylidene-",825,Good,27.6411,1,7.711642207747062,0.0,8.319281536663448,8.09491123541811,10.119603120906422,10.258800951967329,9.380034928661816,9.957458270067226,0.0,16.065929468254637,9.200196648951332,9.87312798303618,9.108793854459387,9.187146386655336,9.381976290916768,9.49604892839421,13.423774106215246
"Benzeneacetaldehyde, α-ethylidene-",851,Good,27.759516666666663,1,7.724185360880901,7.3690013494197295,7.993114946947404,7.678360291997678,9.042674807258631,9.167560728931912,9.542319610410512,8.885506576868753,5.352765769313158,16.052809089272984,8.911164322026453,8.913276740966706,9.26523038034352,9.22781703713867,8.563786452171627,9.006917259781797,15.470437096238546
"Benzeneacetaldehyde, α-ethylidene-",861,Good,27.759516666666663,1,7.564899176160931,7.752559548778698,7.689710350605804,7.474136881566742,13.066149475133807,10.990870385851512,13.874893257090848,13.522306276871602,0.0,15.989031459431184,10.209712495591427,12.018004479464764,13.383325386365335,14.255764172467629,10.591699341976184,11.303521095421893,15.753182995861453
"Benzeneacetaldehyde, α-ethylidene-",805,Good,27.867183333333333,1,12.12700787471852,12.310612942263951,12.354515678406733,13.32925278607951,17.080097551228796,17.09274071949901,15.725811593402566,16.426901460599073,4.878554168873566,12.826879444054171,16.062104600457435,16.828125566607728,15.60001385179065,16.192595911099843,16.47014250434496,16.42738006413552,15.930769722305437
"Benzeneacetaldehyde, α-ethylidene-",798,Fair,27.867183333333333,1,12.024985811086896,11.360420424889528,12.26886252700575,12.457926656240115,17.057460611827594,17.06703610121383,15.70264461991896,16.390637754048235,1.3232142471887065,13.66282550014702,16.047653808919076,16.79960356403268,15.567124991825429,16.170532255456465,16.449829790750062,16.404018722425793,15.91204243504181
"Benzeneacetaldehyde, α-ethylidene-",817,Good,27.867183333333333,1,11.82388913900286,0.0,12.264174436720566,10.400754112770782,17.02051427501291,17.03493037776614,15.64474980264857,16.35139313836513,1.039315908914103,14.27466212199264,15.993723781941856,16.764628034168148,15.524613742350375,16.12739423318873,16.40443607355722,16.36620029682622,15.868424252181004
"Benzeneacetaldehyde, α-ethylidene-",915,Excellent,27.867183333333333,1,11.95169195486346,12.110374480412991,12.177440802185236,13.147968437136672,16.91226973238729,16.926513701387332,15.553857904680443,16.25890407323173,5.267577606699762,12.378486250710054,15.8925926427588,16.6600272731209,15.429394917630905,16.02381906985184,16.301198604887638,16.259168753940923,15.760553104575395
"5-Thiazoleethanol, 4-methyl-",761,Fair,28.10761666666667,1,8.076476314670117,7.898051273452189,9.394262617136434,8.393743561477011,15.689832223709844,15.149590201646218,14.210482048272198,15.323893723487478,0.0,16.207057446063157,12.986200101716554,14.96792449875502,14.142370884804867,13.842725204465095,14.512765861896195,13.948462031768315,13.195871073243444
Nonanoic acid,905,Excellent,28.1435,0,17.274984367230406,17.69911215522054,16.51596647488865,17.566311414206066,18.84044257481037,18.6966513619054,18.80870813469935,18.282197621327413,0.0,19.012251259594446,18.418847981572597,18.20206532483322,18.668921909444048,19.02531046814283,18.51974533314053,18.684193119013408,19.276890910989792
Indole,972,Excellent,28.943766666666665,1,21.013241398728063,20.33524660453298,21.121030364277782,21.090761128194632,22.620192759118147,21.95498241977624,22.34948030127056,22.70044395415306,15.846561460703622,22.669645837757887,21.685650604295816,22.534410520822213,22.388147200925506,22.332161867875392,22.47869980513808,22.07313600355226,21.413680957462667
Tridecane,914,Excellent,29.019133333333333,1,14.170373636386367,13.919428265987364,15.098695398514328,14.603931887742892,17.059363304139566,16.953182843646676,15.738535513114066,16.560805763452997,10.874136727127423,16.983696410048925,16.161763936962416,16.883256602184257,15.972876550852384,16.354480506348796,17.06804441752831,17.091267967564697,15.521355871660754
2-Undecanol,701,Fair,29.28828333333333,1,11.688651959728723,11.627001163591212,12.29822353031512,12.15921542747344,14.064353115311174,13.422889193487066,12.875154130714716,13.293802534939555,5.340382127885338,14.04821925462741,12.431278968759123,13.845946149183794,13.108951286365786,13.514179539885038,13.6320670625437,13.516022128749778,13.092066465486436
"1-Octanol, 2-butyl-",770,Fair,29.306216666666668,1,10.197106846012463,10.476663416942756,11.422992351065462,11.788357220003766,13.679162648078478,13.493766212616954,13.281647355241786,13.111454982391228,0.0,14.106048219535658,12.777835412853962,13.887278023585525,12.28333438894732,13.930172815031224,14.51261173607016,13.19110112266313,12.918730446195426
n-Tridecan-1-ol,794,Fair,29.700966666666663,1,10.13885029378639,10.21666125399296,11.142370783441589,11.1452133884515,13.00643998369038,12.851106869772954,12.691890700925384,12.243545890756572,0.0,13.559973853003289,11.420083060855417,13.349712773421697,11.744838921158577,13.179010570039644,14.0119485878364,12.468693202821882,11.96921416781944
"Nonane, 2,2,4,4,6,8,8-heptamethyl-",822,Good,29.7261,1,12.554715929382631,12.307380349756585,12.789482518253688,12.507584811664344,13.734760225746289,13.84707449756223,13.291555244311365,13.734493976886474,8.950379191713848,13.80880985199778,13.067185702689468,14.5163525261369,13.33511169248174,13.706266306703409,13.79228438494047,13.910486507984144,12.836808003731264
"Dodecane, 2,6,10-trimethyl-",781,Fair,30.7058,1,10.025270003447076,10.334099260818668,10.879575000245312,10.896282070315358,12.784541357843477,12.679229521461703,12.444004430517849,11.41081094871479,3.711077933306582,13.718609521370563,11.643740200548908,13.053580145953806,11.816340977092697,12.705078318581515,13.730542212040657,12.741633783521046,11.868011705846742
"Dodecane, 2,6,10-trimethyl-",801,Good,30.7058,1,9.942400532606968,10.256554353887308,10.77257673451482,10.846703891381042,12.708094122738734,12.59820365606101,12.330796816635967,11.672659448889355,0.0,13.639817440805144,11.557552642989585,13.014399162187082,11.729960797335506,12.654855292761397,13.651931597811473,12.67594446790026,11.769349162478136
"Benzenepropionic acid, 2-tetradecyl ester",904,Poor/No match,30.824216666666665,1,0.0,0.0,0.0,0.0,12.780496432198692,12.799907344246533,8.07458839747982,14.04407182023201,0.0,14.654193767673174,10.79128312661648,12.770726577363716,10.52583559449689,11.991012708463362,11.392976175578442,11.457865233949672,0.0
Hydrocinnamic acid,749,Fair,30.824216666666665,1,8.216824190548122,8.444584139904181,10.576219756669929,8.607964886273965,13.563587923837156,13.61095332581773,9.655420517288388,14.951960733820616,6.111227800607961,15.586581453377809,12.011050967448512,13.585995211822526,11.521229489761796,12.74079765205364,12.396696286868377,12.384380407881515,9.35755092213973
α-Cubebene,929,Excellent,31.05388333333333,1,13.135796519669356,12.907649098862384,14.459869492161449,14.87652714272282,15.88224361424632,15.522213793995878,15.432383048024288,15.407686239375536,9.213573457156444,17.54962921633092,14.225858750390792,17.46249527232355,14.502622176277892,16.84241773678304,16.896706422339733,15.568249937504062,15.314784939789073
"4-Methylcatechol, 2TMS derivative",704,Poor/No match,31.66755,1,13.037999796247396,12.959960473835515,12.732593628518844,13.071236835434004,13.562587831999975,13.727156704539905,13.765196349160066,13.64629701168793,9.32198680328468,13.523212589674356,13.645687394218902,13.199216101907137,13.85670710889181,13.135431857303098,13.64759415142472,13.374845842309975,13.452124135076724
"1,2,4-Metheno-1H-indene, octahydro-1,7a-dimethyl-5-(1-methylethyl)-, [1S-(1α,2α,3aβ,4α,5α,7aβ,8S*)]-",912,Excellent,32.022816666666664,1,13.554563761681392,12.852461375339756,14.24127167118906,13.98145725176838,15.145588993240088,14.903624161126531,14.358235525900929,14.851385692970553,8.757052909072108,15.97453701450675,14.810592520481157,16.102629047544756,14.550645806742388,15.78766480753293,15.609711514393476,14.540139264225743,14.546719355271378
n-Decanoic acid,809,Good,32.10176666666667,1,10.6215583661467,11.1936243943555,12.173302507027488,11.424147456332843,14.235854394345107,15.231925079355872,13.628351301404615,15.262119427116149,7.185570126708269,14.600252287736446,13.775063780667509,15.24385521062829,13.754990733889176,15.527928643824293,14.45018437544582,14.808029236742106,14.906564361098097
n-Decanoic acid,858,Good,32.1879,1,9.784713257118014,10.18704710990922,10.23835948528423,10.18171106336741,15.693924872507852,14.591377971151552,12.597402673757722,13.766637116713287,0.0,16.643098387771957,12.289019530205282,14.592613395524603,12.315518926570734,15.127791558893357,14.078534688587208,13.8062823221463,13.473237077118617
.alfa.-Copaene,955,Excellent,32.309916666666666,1,15.762498838744524,14.825676044848668,16.388007250243735,16.221735087593242,17.324641305001407,17.348283279803773,16.843535072315213,17.53567252768333,11.4456431950681,18.83849750267391,16.779462021289802,18.60463896250506,16.99724807014052,18.03480258377813,18.168132730125727,16.985002965261096,16.98194196554235
.alfa.-Copaene,956,Excellent,32.309916666666666,1,15.763046819595166,14.824862359961871,16.386404891034417,16.222465466182882,17.318006151767975,17.34372178902604,16.836664920726356,17.531728098879444,11.47632613482783,18.833658299900325,16.776105073194646,18.60316894100296,16.99290868376495,18.033519561370973,18.166137917262866,16.978887236791977,16.979155700423316
"1H-Cyclopenta[1,3]cyclopropa[1,2]benzene, octahydro-7-methyl-3-methylene-4-(1-methylethyl)-, [3aS-(3aα,3bβ,4β,7α,7aS*)]-",831,Good,32.8518,1,11.335977607970902,11.138887776498697,12.551094266947423,12.71581067751682,13.45809768740792,13.097119212750467,13.440473244826732,13.018398663027272,5.457069323468834,15.097599478335738,12.088076724800164,14.877282851837576,12.789421453904016,14.193306369358808,14.386203147388173,13.072491214713754,13.11529882342716
"Indole, 3-methyl-",936,Excellent,33.006116666666664,1,20.8970804782535,20.96309006928,21.424518079997,20.87852066208752,22.77607082473608,22.65734590375395,21.54957370217408,22.434333851788253,15.641585179716516,22.82077703413781,22.064532209126167,22.736090883051958,22.36232758017822,22.14429292537651,22.726672298930623,22.574583072263792,21.44247289703311
α-Cubebene,704,Fair,33.14248333333333,1,9.188796425294475,9.356398822934963,10.878831155429737,10.702575990532312,11.875760442883044,11.160087625744328,11.76824047597689,11.374145645148198,0.0,13.478378207179592,10.063213245477268,13.327125799393135,11.615493833399269,12.480572241169876,12.948042494042436,11.508523363894836,11.344836313703146
2-Dodecanone,761,Fair,33.30755,1,11.210100533118146,10.665407284827388,11.699487747847613,11.270863994382449,13.422151030457533,12.942025502092113,12.703267300257318,12.849058291823845,0.0,13.724097698568444,12.17845064499924,13.452905339415713,12.528028833015648,12.824190989530424,13.318012634995227,12.93462312227357,12.285735617316805
Tetradecane,887,Good,33.451100000000004,1,14.602355329733724,14.20077653686842,15.1353517104499,14.710294378612032,17.094267121575108,16.855220357816417,16.31162491596879,16.431070946065052,7.886490184600458,17.312064701945996,16.124087557082586,16.99055491732713,16.01869044348026,16.446805840941767,16.989729592136502,16.55094577203073,15.614416786196124
"2,4,7,9-Tetramethyl-5-decyn-4,7-diol",840,Good,33.91045,1,11.82833071751384,11.738713010221725,11.803763918437202,11.965127769432526,14.18844734502838,13.963004310440828,13.88438458659374,13.908427484295505,0.0,13.679657038236275,13.509277099098416,13.828797788718315,13.522309341733584,14.008705238921545,13.990865431509985,14.331481414866936,13.459592319514538
"2,4,7,9-Tetramethyl-5-decyn-4,7-diol",800,Good,33.914033333333336,1,11.952724259723391,11.883159648903668,11.875380585494128,12.065252003346354,14.332206422411598,14.10716502134908,13.997534098668533,14.08150800580612,0.0,13.787390546896171,13.672642002997316,13.916259149450944,13.674243885472269,14.126751204401444,14.084604699451395,14.485378884825568,13.637633767192076
Caryophyllene,971,Excellent,34.20471666666666,1,16.767113289445867,15.975565304918236,17.016746488205516,17.456967235649415,18.405698295161635,18.181149717508497,17.70903669659834,18.25695091456189,12.681424608694746,19.57347833101259,17.51076310088677,19.42181032650043,18.17242317188957,18.98082396973513,19.11786163674349,18.08001366083058,18.011133202749544
"1H-Cyclopropa[a]naphthalene, 1a,2,3,5,6,7,7a,7b-octahydro-1,1,7,7a-tetramethyl-, [1aR-(1aα,7α,7aα,7bα)]-",910,Excellent,34.631766666666664,1,13.06693394303838,12.740969796817378,13.640703687010737,13.022004325567249,15.247139645541887,14.51883650886775,13.609422124797382,14.350717670292052,7.692207945551383,14.946719556825094,14.155755788041468,15.034341446025865,14.199064539233378,14.360999462643871,14.418170762665405,14.212744184025103,13.830278036285188
trans-α-Bergamotene,941,Excellent,34.78606666666667,1,14.14113708151573,14.241799603568744,15.457475946402583,15.275581417543432,17.210851843657636,16.53225912428977,16.049380282938447,16.69389013888197,10.351771042069409,18.824930485162337,15.278368034062458,18.247441119874,15.790076345141886,17.15096455765329,17.76982037741067,16.77776120348089,16.318226788877798
Erucin,839,Good,34.922450000000005,1,11.94268330189186,11.466203191875648,12.085177329281516,12.023129188658238,14.46143655308938,14.337062984591798,13.525293949686215,14.2389131564413,0.7744780366782661,14.103772998737234,13.612596399368092,14.926670626199844,13.88996538040785,13.489726629941444,14.153570895707633,14.062890280278609,13.07827027472331
α-Cubebene,795,Fair,35.32436666666667,1,7.105964143695271,7.384997915505616,9.306607079319097,9.92945169874346,10.622038428777731,9.340786754133337,11.21727213501952,9.75036418210854,0.8352200404158039,12.96667962836712,6.772309974593269,12.563504567359422,10.36455105147582,11.689162174157458,12.194714038934988,10.476606300633636,10.40805512810206
"6,11-Dimethyl-2,6,10-dodecatrien-1-ol",787,Fair,35.4105,1,11.701365445410325,10.958304530604318,12.182837144303749,11.515731391338637,14.28334783570842,14.113843920984078,13.35053651898316,13.47686034157367,0.0,14.469676444987732,13.15613530446485,14.337937122408182,13.138916690631987,13.590194672008058,14.190549371194766,13.64309337343122,12.6171504358441
α-Cubebene,776,Fair,35.442800000000005,1,7.154258734421771,6.6971079782699885,9.72562455976026,9.52884751471701,10.893779162593097,9.8478767812029,10.67741732336933,9.9868028636603,0.0,12.666747818224325,8.789974682889339,12.70336863916433,10.41506077629052,11.642378102823669,12.173535529645754,10.790234287811748,10.354819817386202
"5,9-Undecadien-2-one, 6,10-dimethyl-",887,Good,35.55045,1,10.274482897076672,10.304980226678778,11.173243069349272,11.455604199112228,14.19233943511564,13.157822029833977,13.288002165160382,12.614593804579073,0.0,13.879117888673608,12.027010274629829,13.81395034209711,12.535770296507575,13.158097409371177,13.514395695467687,12.862548571005966,12.015690600205334
"5,9-Undecadien-2-one, 6,10-dimethyl-",869,Good,35.55045,1,9.942520496960933,9.993762153867168,10.853931765073838,11.180415511960296,14.05175030549603,12.971242943183803,13.09417223635899,12.430978586612888,2.2213012256366147,13.777845273658835,11.74672641915525,13.688603965274318,12.328103976830272,12.974092026802335,13.406565964365752,12.662802469577697,11.760887604047
"5,9-Undecadien-2-one, 6,10-dimethyl-, (E)-",824,Good,35.55045,1,10.150854591637106,10.100443684539234,10.95120267586495,11.237909604153348,14.061284028512937,12.989566205694416,13.148524477292348,12.473904128299036,1.5997305228202774,13.75722000118682,11.831033814753432,13.678284840751248,12.395020267314123,13.001915406576575,13.389746123319842,12.701558822082214,11.859404278763003
Humulene,910,Excellent,35.733466666666665,1,13.785518668386592,12.889084798950153,13.957105647584983,13.891552299343596,15.264688673473009,15.02052674875832,14.607792067812987,14.984129412287585,6.552356904123112,16.46841191193954,14.15490587388983,16.32561095085704,15.1773729365556,15.750473062834866,16.080244943800594,15.048241552738483,14.530061416252003
"4,8,12-Tetradecatrien-1-ol, 5,9,13-trimethyl-",795,Fair,35.90213333333334,1,13.2450032795188,12.467034199971854,13.831480616958924,13.180858132942449,15.822378311893129,15.580971801944289,14.853126860459124,15.084472092075217,8.026028169972845,16.07143379842292,14.685370598563992,15.817350443349506,14.672708167585196,15.1515930976064,15.7238490813352,15.2271641623013,14.17085446284153
"cis-Muurola-4(15),5-diene",759,Fair,35.99185,1,11.266447273363934,10.837827698410369,12.523190185345095,12.413770423355585,13.981701936234176,13.357953437555828,13.432578974576456,13.244742301230994,0.0,15.164442760270392,11.91963422010786,15.289425919938038,13.184065569470548,14.440255581572057,14.905630257765276,13.225645981293573,12.974253425621772
"Tetradecane, 2-methyl-",806,Good,36.09593333333333,1,11.799866186176422,11.19807304084264,12.185334233963482,11.584943638632398,14.222558341977054,13.891266222161772,13.369693202693552,13.457561227893574,6.224580452362689,14.407384819854748,13.155252323659765,14.13090222644312,13.040198195115432,13.4504450558653,13.931371916158517,13.463283876611197,12.482724384262522
"Tetradecane, 3-methyl-",872,Good,36.41173333333334,1,12.194580754317702,12.004862384256231,12.913308818845897,12.270537295556766,14.894067852278935,14.560279181577709,13.968161907720084,14.023473620702632,0.0,14.90879929264334,13.536401415485626,14.827031265916368,13.658180531237168,14.224423012639296,14.562293763531786,14.008754661429418,13.280767567593356
γ-Muurolene,842,Good,36.5804,1,10.113863070691464,9.367418270528765,11.254280034150822,11.120639624659432,12.467221347149389,12.044697528743717,12.229907971716354,11.86447159338133,1.830753207205804,13.897518934268376,11.178285553417876,13.68937805089383,12.052866347604,12.933628502699174,13.555133006816948,12.207368859917166,11.86365883977074
"Acetic acid, trifluoro-, 3,7-dimethyloctyl ester",739,Fair,36.623450000000005,1,10.141216497033083,9.449169958475723,11.061759648680548,10.047849258387815,12.959730490161778,12.54820413646365,12.084336266082838,12.134084087146078,3.675211378266784,13.1144570837694,11.754711132932798,12.807274105182312,11.792340843509974,12.194698705226571,12.682315664520386,12.138903986865936,11.308946604769432
Germacrene D,878,Good,36.78135,1,11.799009765669766,11.420328511303142,13.16012835186168,13.503465002552035,13.090415450054705,12.272843353315409,13.823186035929806,12.382500899616764,5.870480692916808,16.041458346610867,10.225751858232073,15.568471906264648,13.091422583981666,14.707580567387565,15.058214773024575,13.346686951663706,13.308353397244124
trans-β-Ionone,753,Fair,36.792116666666665,1,8.89403147726336,8.78609010420355,8.425445483745575,8.351440971526696,13.344840898425932,13.191658675246408,12.277416360474858,12.82997149333256,0.0,10.34780369009662,12.174058568436443,11.714104429454215,12.05935736725647,10.89573025474164,11.832052570455536,12.160259567245316,11.497737806049372
"2H-Indol-2-one, 1,3-dihydro-",801,Good,36.88543333333334,1,12.394312032226164,12.79865520615516,13.281100658091512,12.658636129316946,15.926033888952254,15.72151790744017,15.682855133951035,15.748636257573835,0.0,16.852297543556745,14.804962042996785,16.241918463309002,15.458058618333997,15.44786903406624,15.685885492578851,15.357728630989453,14.77729628749299
1-Pentadecene,866,Good,37.06845,1,13.552968879608706,12.702888054301363,13.925504077649396,13.279542032549712,16.007936047133526,15.750579381820994,15.173871855915342,15.10031850550872,0.0,16.249801704978097,14.820991313469351,15.995912031781833,14.905923976499269,15.282055969372704,15.74276312220496,15.289764937389712,14.30980299744588
1-Pentadecene,861,Good,37.20123333333333,1,13.305703390331988,12.775327008220176,13.762547868720503,13.240895249238724,15.870700418034138,15.53989489794716,15.218944590145885,14.90659049368324,7.0726665758688885,16.031450456913042,14.6867885558863,15.682629863526095,14.664972589394578,15.102627417227952,15.549991854352267,15.08400135743081,14.30946392648888
"Naphthalene, 1,2,3,5,6,7,8,8a-octahydro-1,8a-dimethyl-7-(1-methylethenyl)-, [1S-(1α,7α,8aα)]-",862,Good,37.25505,1,14.017518838697566,13.615087824732717,14.659064005715702,14.008785383902763,16.073406549309805,15.946182543712382,15.124500657541622,15.683181760216852,6.823175240610125,16.409197977930464,15.215134655006676,16.233673051443823,15.388070818132473,15.827066139451247,16.18246704241838,15.600104573901044,14.875266151028008
1-Pentadecene,704,Fair,37.42731666666667,1,12.353303318176366,11.826543003848078,13.01765036001376,12.311313375472164,14.882802430615769,14.578697932314814,14.214992688349104,14.060832380630584,0.0,15.05046855215354,13.6534591830404,14.796877588631048,13.839543589869733,14.114108678234803,14.573229151260485,14.14682409591277,13.22873212348851
"Pentadecafluorooctanoic acid, pentadecyl ester",723,Fair,37.42731666666667,1,10.83094387560212,10.155672168059908,11.255784553043954,11.09129131307197,13.878581267647744,13.478353125660918,13.04994085396086,12.802152460831463,0.0,13.855201276317208,12.46701412621112,13.637644992995998,12.096997685093324,12.857614724037012,13.10723138538762,12.903402862122554,11.808854707442393
2-Tridecanone,708,Fair,37.5278,1,13.18778942034298,12.303793588335576,13.547903621179902,13.008953216548472,15.658087732990849,15.253901079388717,14.827058573231922,14.767086046074644,6.784005960643848,15.65778990386864,14.25104482922008,15.550336817281876,14.683933991863386,14.92804291705646,15.257675910511214,14.867637179415947,14.017361212933515
α-acorenol,749,Poor/No match,37.5278,1,8.967133104083215,8.842494754710529,10.901016644485257,9.575814252226616,13.506666115783323,13.30988900935715,11.271113230931972,13.092006116070475,4.254061704431862,14.514727375651448,12.138053106096384,13.88903509514263,12.73424228437225,13.144169832914567,13.47016795096548,12.902360366742636,11.30345526404085
Pentadecane,863,Good,37.628283333333336,1,14.23206198958994,13.44420235029517,14.664592092339436,14.169231173233126,16.79669667694893,16.435138738591384,16.13775160824279,15.93115645139438,8.453029123541452,16.886318034091126,15.631686847026147,16.65248372394187,15.706128550910654,16.052450341666372,16.442726179186934,16.005383303243782,15.259084389925407
Pentadecane,910,Excellent,37.628283333333336,1,13.981819755400812,13.123412146037497,14.34969731951421,13.846437155929353,16.467523681613265,16.143399484895838,15.814496522133007,15.592774846980358,6.917984414196337,16.518950044722274,15.31196708937294,16.32781197864542,15.344856928851584,15.733727749699751,16.114034824882594,15.707319381144046,14.90929208578386
8-Heptadecene,795,Fair,37.850766666666665,1,12.710997145425573,12.271196317499594,13.213644479968396,12.645310073889444,15.242665839930105,14.98106214331732,14.612060888533955,14.397010335334206,0.0,15.398695958270409,14.083599173032194,15.075878848063928,14.236171449539327,14.507465755698766,14.88555546721563,14.443757460725372,13.736848578573449
"2,4-Di-tert-butylphenol",944,Excellent,37.92255,1,16.161155523137328,16.912190957811863,16.27372964277845,16.650555424381928,18.02787441461744,17.72068302343864,18.63406048493905,17.374878595300867,9.114577891380888,17.426668506496842,17.618252786579273,17.109139927769185,18.252315680404053,17.59996223281406,17.70605601799922,17.54413692500647,18.012266905387094
β-Bisabolene,872,Good,37.92613333333334,1,11.046153696812516,9.814863580250089,12.10470831405392,11.548604922655148,14.302883048780382,13.480404419889917,12.690254705379798,13.291077883759744,3.936876257648128,15.736213439671952,11.885643099189148,14.996804394961291,12.364316164620243,13.746403685199835,14.4150703023556,13.506504970279876,12.448985330505977
"cis-muurola-4(14),5-diene",720,Fair,38.0948,1,9.716293045188545,8.85157136505517,10.96368109442926,10.788102131627747,12.183466255516588,11.498850625370045,11.80219874619063,11.2479432429875,0.0,13.408899153451207,10.48658508430482,13.152388229917964,11.806366428420086,12.377110918455426,13.186482661182644,11.989318667342031,11.126239059953829
1-Pentadecene,788,Fair,38.2527,1,11.1761758214037,10.546138268763736,11.7824576822304,11.235665209308925,13.616654816394986,13.277239153584745,12.85307598745587,12.655449122654506,0.0,13.818374168491298,12.415791647140184,13.469266879904003,12.43435535895448,12.810061438928765,13.182898819287978,12.670963830201517,11.83852639837058
2-Tridecanol,745,Fair,38.2527,1,11.156856547898252,10.594195719970068,11.859210159668317,11.288356030882545,13.83770411594964,13.507623774244475,13.262202268083858,12.846547175574983,0.0,13.922316716576445,12.60358953679842,13.632702341825505,12.684199693844953,13.12245707495889,13.436752455708117,13.018482411164596,12.237488186205448
"1-Isopropyl-4,7-dimethyl-1,2,3,5,6,8a-hexahydronaphthalene",849,Good,38.310116666666666,1,11.389522572465363,10.465464117325942,12.280744428356186,12.530906901763554,13.931185312389736,13.47014921839379,13.492298639661833,13.084916035181813,0.0,15.513146000408389,12.336122277486314,15.385302300179378,13.349970275270604,14.389150488571596,14.843115347730206,13.418401197143108,12.910435342297047
"1-Isopropyl-4,7-dimethyl-1,2,3,5,6,8a-hexahydronaphthalene",893,Good,38.3173,1,11.822841443927196,11.237434852848484,12.619760528039397,12.768089061050995,14.07052931413427,13.710596556444472,13.69230749549532,13.46624821918086,0.0,15.637996334255831,12.739871526460751,15.463776098484567,13.614333714480594,14.510244162638385,14.97383497129136,13.615052348835338,13.175567561620028
cis-Calamenene,813,Good,38.4716,1,10.312154574439084,10.26392923805478,11.848161455693424,11.921488022411769,13.322237381052402,12.733664520409556,12.990849683884116,12.518556591941094,0.0,14.938789401850494,10.768850260408575,14.854593779474063,12.677600054939903,13.969669800677686,14.473964103575396,13.10216925390739,12.768051953200564
cis-Calamenene,742,Fair,38.4716,1,9.924689219776358,9.936805289954853,11.727381634083727,11.766731296060907,13.384861625592604,12.668707136331331,12.725706116074438,12.419386182759355,0.0,14.860459847944778,10.832482885937289,14.826830308777875,12.589959018075191,13.94078408007666,14.429862467460966,13.007389158588506,12.61518990344138
(Z)-1-Methyl-4-(6-methylhept-5-en-2-ylidene)cyclohex-1-ene,794,Fair,38.62591666666666,1,11.845290400162892,11.133565241990604,12.402918524296084,11.656564063006526,13.605953828266898,13.572331031358368,12.73449905375892,13.097195800392596,0.0,14.107380282719776,12.997688479624609,13.641669961680392,13.103066594882838,13.5564250859627,13.669974988471855,13.27331828834157,12.470536885466013
2-Tetradecanone,746,Fair,40.07573333333333,1,11.03248140057483,10.468128714936856,11.602112665292411,10.971022404423188,13.792281471307549,13.494749468095875,13.308209545221576,12.905107512424586,0.0,13.719008241589826,12.597509539362912,13.564803090428532,12.881992850803815,12.805525662733633,13.318807639791428,12.962397177926285,12.475385722670516
2-Tetradecanone,727,Fair,40.07573333333333,1,11.010696013269522,10.482750161336083,11.570967875759283,10.943488215310738,13.754360223920967,13.455350027067858,13.25466987248817,12.863841826823032,0.0,13.696177835189667,12.52753436774465,13.531797787281445,12.826206495127876,12.768129769006713,13.282886308431484,12.899027099271628,12.408292857174176
Dodecanoic acid,837,Good,40.1798,1,7.878390665268522,8.274201085860177,8.41128468107397,8.554707907756068,11.624744059732334,11.146279117982624,8.584659557023807,12.849086610227255,0.0,15.063021776516742,8.887147179161184,12.104941264656023,9.418795045267988,11.327682160886598,8.599529210465025,8.548703095848039,8.107601670745767
Caryophyllene oxide,907,Excellent,40.88316666666666,1,13.027403209871734,12.026599534259187,13.728103671739598,12.9768730829552,15.170255227480617,14.91815872916222,14.584558521532673,15.14824977478796,0.0,16.082305898747496,14.54689453915735,15.865471653194527,14.823704771814665,15.138105678943427,15.52277173471804,14.441793891194925,14.309623411221551
2-Tetradecanone,808,Good,41.550650000000005,1,11.474160595093418,10.918119605864156,11.633893895595472,11.13672967853532,13.961499701365522,13.478607611774382,13.80219731107425,13.149704429923167,0.0,14.303889921317456,12.664482616301292,13.762348030325118,13.097271942908352,13.109218419153612,13.480827304706544,13.104927775205704,12.536337889513629
2-Tetradecanone,738,Fair,41.550650000000005,1,11.30344605096269,10.762076287323133,11.461939510932387,10.927700979748511,13.80101927639316,13.312752235533932,13.6418150089516,12.984871855154145,0.7844358766036994,14.14953890966446,12.498202617824424,13.593223208468956,12.925270530391543,12.941918149266977,13.310092132970636,12.939695570907018,12.364502889774643
Hexadecane,931,Excellent,41.59731666666666,1,13.808384812567589,13.198225502674036,14.231880963447296,13.731046336075488,16.40558206303152,15.973716803879553,15.9570772482526,15.430788766619893,0.4469788739561572,16.447502323195717,15.16789749179717,16.242034581776945,15.32656650814865,15.56029209413775,15.991083685962256,15.57627848166614,14.798582986173413
Hexadecane,888,Good,41.59731666666666,1,13.901787174681292,13.23706021929895,14.269185169622729,13.79800836780535,16.459442759318886,16.011244193388745,16.01238841404203,15.475414738097372,0.0,16.532414553805463,15.228331360814662,16.271755940878165,15.408464061014032,15.584114057538724,16.023303973390018,15.605846554387272,14.83549450160461
Pentadecane,700,Fair,41.59731666666666,1,12.44467464505379,11.70357737309211,12.90661224878776,12.121513251317957,14.966031235502406,14.60957257770824,14.521921290775738,13.996108528839557,1.8969602083350667,14.979911735068844,13.754064524803038,14.83052267556692,13.921640297591184,14.188593730682593,14.632973037714148,14.06441071679962,13.4551268469884
"9-Octadecene, (E)-",762,Fair,41.76956666666667,1,11.106190321089864,9.950584472356564,11.334582066918788,10.740127431391866,13.301572115118546,12.929614595272447,13.064559723578482,12.347285760582446,0.0,13.519294805207435,12.104554190474827,13.243252131775725,12.465903025413452,12.495470579333436,12.97800722661403,12.46869721348028,11.960935402761276
"(1R,3E,7E,11R)-1,5,5,8-Tetramethyl-12-oxabicyclo[9.1.0]dodeca-3,7-diene",788,Fair,41.9777,1,7.925021514497856,5.713453507870871,9.674118739113885,8.263290985216955,12.000068983005605,11.67408412121202,11.818089378497191,11.74425936836761,3.9343628884574193,13.287321699771844,11.036839131808676,12.75812564490251,11.560535134072913,11.898154194509718,12.476763463792745,11.473846171022796,10.855299314793502
"Caryophylla-4(12),8(13)-dien-5α-ol",772,Fair,43.01123333333333,1,0.0,0.0,7.9049512063831635,0.0,11.30803623939152,10.578245628015916,10.003663731183106,10.429066246223138,0.0,12.163491158859289,9.69468969017331,11.971291270295394,10.412593138031896,10.896449077004505,11.719176767036664,9.943350186471616,9.52110824686655
2-Tetradecanone,736,Fair,43.98735,1,10.896581142533286,10.197492743915353,11.19830507952962,10.68090913021001,13.50426334595513,12.999304769332932,13.399006508559763,12.653926019711756,4.321524533509734,13.771016574771538,12.332156450536218,13.366406573387607,12.626969577460686,12.594913188738436,13.13267983256811,12.595256979938648,12.089333848884529
γ-Dodecalactone,862,Good,44.662,1,14.06208788530646,14.070716496662188,14.595870071693138,14.279744202523288,17.24365234834506,16.74159458784233,16.66677413281894,16.56878358810697,6.322936364088378,17.228848287662437,15.886469138507469,16.87883718685611,16.34392550805349,16.247322877801146,16.70280826373232,16.350800261975262,15.84133198073733
γ-Dodecalactone,800,Good,44.662,1,13.93944309024369,13.969007460083992,14.468749475875631,14.182668937992178,17.180245368263968,16.662514422997223,16.595652673151164,16.49653441423668,6.437974503147997,17.167817344052775,15.803332918912156,16.808209059804586,16.26683848891484,16.17373450955861,16.62757127130342,16.28443700717603,15.783503238355832
"2(3H)-Furanone, 5-heptyldihydro-",859,Good,44.662,1,14.008637522323973,14.02231227037914,14.53813206274208,14.23357880483667,17.214662160020534,16.706221552882603,16.63269153616153,16.536369954481838,6.362136316087564,17.20031412592325,15.849594529461456,16.846434839721347,16.30812362189556,16.213165687057373,16.66841646061754,16.319011027006642,15.812024894779768
Heptadecane,856,Good,45.354616666666665,1,14.482716020276746,13.788762419563923,14.732505266031962,14.252962907315942,16.8438765603523,16.448482600829408,16.644409684028854,15.974918208832776,8.611048546582104,16.956559288009164,15.676730678730662,16.645840425349725,16.02730623591476,15.999274450828745,16.472082648440843,16.189712617252127,15.366309259420984
2-Pentadecanone,888,Good,45.354616666666665,1,13.514246867975736,12.833721340417105,13.91155753641054,13.484617327547497,16.380260554835175,15.96402028458368,16.32443963535656,15.677827781273994,6.495332175462187,16.573808539539158,15.06951496693185,16.18014160697555,15.71410821415704,15.584477870908374,15.961797067773071,15.678508611104215,15.052658808835112
2-Dodecanone,774,Fair,47.65851666666666,1,11.566012561749446,10.931680254028992,11.73850048214652,11.182859188539677,14.55224866846698,14.08011382057356,14.59641976951329,13.771568917251503,0.0,14.646217610162552,13.002820237898996,14.186130197932744,13.80785255168147,13.520900850309626,13.946733336730263,13.516310404061246,12.887419321502044
2-Hexadecanone,811,Good,47.66211666666666,1,11.92003313765658,11.389247519013365,12.139873762991314,11.576739302238185,14.906405405790563,14.462378038470654,15.031882806921702,14.168935313905472,0.0,15.058188899242944,13.44391261495747,14.505904929492836,14.156007719109766,13.919914914109558,14.351040729901293,13.8754737038104,13.309205118839133
"Sulfurous acid, di(2-ethylhexyl) ester",703,Poor/No match,47.70876666666666,1,10.422007697723435,10.138735955381136,10.920546116524836,10.16840259837016,12.252371827143875,12.228312291250989,11.652614066364208,11.77318676391208,2.198396488562059,12.09717750129295,11.5370771341683,12.078899100247408,11.762947068638738,11.695290018975856,11.849562808150464,11.497136525441904,10.998111533686538
Octadecane,954,Excellent,48.93248333333334,1,15.22170299143444,14.382379439910608,15.428088750872831,15.079928138277282,17.643369219540514,17.205623333057734,17.63076858914864,16.813982186240896,8.35917066239719,17.749855049118143,16.40239487606762,17.42916509240474,16.97822526323712,16.761368469905616,17.212898294265894,16.829045852289767,16.178269658539172
2-Hexadecanone,709,Fair,48.97555,1,10.60392885966935,9.912241271638065,10.99210249414989,10.548143537455092,13.471137659582334,13.002337389643088,13.593295213449869,12.872238283553202,0.0,13.614647011126964,12.09311334869476,13.13533367672366,12.790121162229566,12.546379214946132,12.912848368251934,12.453833366386526,12.04891339991918
"2-Hexadecene, 3,7,11,15-tetramethyl-, [R-[R*,R*-(E)]]-",779,Fair,50.34281666666666,1,12.269609459318454,11.75803228394036,12.429090972379049,11.735824865097907,14.749286027749545,14.389402721802318,14.792007764388732,14.152058755442091,0.0,14.867896511457436,13.633923642490366,14.34199432059537,14.09278633765465,14.143902402695977,14.465278489789055,13.848392574238533,13.23917937467664
"2-Hexadecene, 3,7,11,15-tetramethyl-, [R-[R*,R*-(E)]]-",895,Good,50.34281666666666,1,12.3888409154252,11.89644301654763,12.494740401230866,11.636782689434996,14.947193479371634,14.563729573002709,15.0087237710161,14.292323358919788,0.0,15.083849559708204,13.711849539933942,14.527326246200962,14.240082610021757,14.331371720838147,14.63467601960468,13.946892944166937,13.446348111507373
trans-Geranylgeraniol,733,Fair,52.7831,1,11.70143749370298,10.69779802958718,11.7864049617798,11.338648238218164,14.248011897818204,13.921587033257294,14.386593703346987,13.546277203669002,0.0,14.230848415216304,12.986008678503028,13.742523122929928,13.711580708571304,13.29175557141048,13.716602960822598,13.195476020149655,12.46128501426419
"Indole-3-propionitrile, α-formamido-",707,Fair,57.93638333333333,1,5.037037376961225,5.717788355071705,8.604331517282407,0.0,11.80403615178634,11.191161037656997,14.365800892731473,10.57411218956531,0.0,13.521254690268451,9.762200009080876,11.547071708330026,9.69403800109466,10.40000746711283,11.339774134108994,11.090876508343758,10.001536435797076
"2,6-Diphenylpyridine",724,Fair,58.60745,1,10.58209827084208,0.0,11.493915633760183,11.244434986354856,12.661317677963115,12.333933969924392,11.598025164742902,12.195006745554371,0.0,11.259906202940028,11.22454841680645,13.46409912421108,13.030221672573347,0.0,13.471510221949435,13.646035360890172,12.41054894623326
"1-Naphthalenamine, N-phenyl-",720,Fair,60.466366666666666,1,0.0,5.871857932326357,0.0,11.127202087887044,14.847117223737891,13.669669281200733,13.573695331894015,14.965703424378066,6.848716590363759,14.981720979028765,12.316751021834214,15.506093802341164,14.742687002388577,13.5521821750392,15.258310390286818,14.729670159172922,12.004346531872534
